game_title,review_date,recommendation,playtime_raw,playtime_hours,playtime_segment,helpful_count,funny_count,weighted_vote_score,comment_count,contains_update_keyword,contains_bug_or_degradation,contains_positive_emotion,contains_negative_emotion,is_mourning,is_low_information,is_soft_mismatch_candidate,analysis_review,actual_sentiment,primary_category,secondary_category,annotation_notes,mismatch_type,is_hard_mismatch,is_soft_mismatch,is_ambiguous,is_mismatch_or_ambiguous,annotation_confidence,annotation_source,author_name,is_veteran,word_count,contains_update_keyword_refined,contains_bug_or_degradation_keyword,is_mourning_refined,is_mismatch_candidate,review_category,review_dedup_key,char_count,log_playtime,mismatch_type_recomputed,is_mismatch_or_ambiguous_target,binary_sentiment_target,multiclass_sentiment_target
Phasmophobia,Posted: 12 May,Not Recommended,,77.1,Regular,0,0,,,,,False,True,,,,Rushed out a buggy and broken update so they could do an Alan Wake (2) collab. Marvelous.,Negative,Update Backlash,Sarcasm / Bug Complaint,"Negative jelas, menyalahkan update dan collab.",Aligned Negative,False,False,False,False,High,pilot_manual,Clown,False,17,True,True,False,False,Update Backlash; Sarcasm / Bug Complaint,rushed out a buggy and broken update so they could do an alan wake (2) collab. marvelous.,89,4.35799005684564,Aligned Negative,False,Negative,Negative
Phasmophobia,Posted: 12 May,Not Recommended,,23.5,Casual,3,0,,,,,False,True,,,,The latest update has ruined the experience for me ( bendy back gone),Negative,Update Backlash,Mourning-lite,Singkat tapi jelas update ruined experience.,Aligned Negative,False,False,False,False,High,pilot_manual,Eggis,False,13,True,False,False,False,Update Backlash; Mourning-lite,the latest update has ruined the experience for me ( bendy back gone),69,3.1986731175506815,Aligned Negative,False,Negative,Negative
Phasmophobia,Posted: May 12,Not Recommended,,65.4,Regular,4,0,,,,,True,True,,,,"This last update was a mess. It's been on the roadmap since 2022 yet the devs keep saying it was rushed at every turn. An update that is a flawed mess of so called features. If you like awful AI like animations and a dev team that will lie about the poor quality of updates and then deflect when called out for the lie, this is the game for you. If you don't want your model's hand in the middle of your screen or motion sickness from janky movement, The Other Side is a much better alternative. Also the cosmetics reset when you prestige so not only are they costly in game currency wise, but you cant even hold onto them if you want to get a new ID card for your account. I have played this game since before DOTs was an evidence type and with this update and the devs response to the blowback, I cant in good faith recommend this game to anyone.",Negative,Update Backlash,Developer Criticism,"Kritik update, dev response, gameplay degradation.",Aligned Negative,False,False,False,False,High,pilot_manual,Tracker,False,166,True,True,False,False,Update Backlash; Developer Criticism,"this last update was a mess. it's been on the roadmap since 2022 yet the devs keep saying it was rushed at every turn. an update that is a flawed mess of so called features. if you like awful ai like animations and a dev team that will lie about the poor quality of updates and then deflect when called out for the lie, this is the game for you. if you don't want your model's hand in the middle of your screen or motion sickness from janky movement, the other side is a much better alternative. also the cosmetics reset when you prestige so not only are they costly in game currency wise, but you cant even hold onto them if you want to get a new id card for your account. i have played this game since before dots was an evidence type and with this update and the devs response to the blowback, i cant in good faith recommend this game to anyone.",848,4.1956970564823886,Aligned Negative,False,Negative,Negative
Phasmophobia,Posted: May 12,Not Recommended,,470.5,Hardcore,0,0,,,,,True,True,,,,"TL;DR Don't get it yet character customization added animations that made it so sluggish I have played this game for many hours, maybe not as much as some of the community but still enough to enjoy my time with this game, I have been through the janky times of when the game first came out and I am still here with the janky times with the new character customization, and I cant currently recommend getting this game in its current state, it was just simply better before the customization update but now it feels sluggish, and while I understand the devs have fixed some of the issues with the Alan Wake release, it still isn't enough. This Character Customization update has been in the works for years, been pushed back time after time and it still comes out as a buggy mess the hell were the delays for then?",Negative,Update Backlash,Bug / Gameplay Degradation,"Veteran/high playtime, tidak recommend karena update.",Aligned Negative,False,False,False,False,High,pilot_manual,King Chonk,True,149,True,True,False,False,Update Backlash; Bug / Gameplay Degradation,"tl;dr don't get it yet character customization added animations that made it so sluggish i have played this game for many hours, maybe not as much as some of the community but still enough to enjoy my time with this game, i have been through the janky times of when the game first came out and i am still here with the janky times with the new character customization, and i cant currently recommend getting this game in its current state, it was just simply better before the customization update but now it feels sluggish, and while i understand the devs have fixed some of the issues with the alan wake release, it still isn't enough. this character customization update has been in the works for years, been pushed back time after time and it still comes out as a buggy mess the hell were the delays for then?",813,6.155919102073512,Aligned Negative,False,Negative,Negative
Phasmophobia,Posted: May 12,Not Recommended,,476.6,Hardcore,3,0,,,,,True,True,,,,"I used to really love playing this game, but it seems the devs have just been making questionable decisions ever since the item update. Rather than rework maps that no one likes, like school or prison, they reworked a beloved map. I actually like new Tanglewood, but it feels like they only did that because it was much easier to rework than a bigger map. The new update with character customization, which is when I'm writing this, added a load of new weird things I wish didn't make it to live. Using items now feels sluggish and can often be detrimental for survival when the ghost spawns right next to you to hunt. Wanna use incense? Hope you like the 1 second long animation before it gets going. Wanna use T3 salt to slow the ghost? Another 1 second animation. The way a lot of items are held now also bothers me as I can barely read the details some of the items have on their display now. It's so tiny and low resolution due to the distance from the camera that it makes it difficult to actually use stuff like T1 thermometer or even T3 sound recorder. Holding a video camera on a tripod also sucks since the screen on the camera is insanely tiny while holding JUST the camera puts it WAAAAY too close to my screen and I can't see anything but the little screen. The new character animations are broken and look worse than the placeholder ones we had. Someone turns around and the legs break. The arms and wrists look broken when holding most items, etc. To top it all off, they somehow broke dropping items. I've essentially gotten softlocked almost every job since the update since dropping an item is a gamble on whether or not it falls through the map. Goodbye perfect hunts. There's also still the bug of getting 3 evidence for one ghost, but it's a completely different ghost, and no, I'm not talking about a mimic. I mean getting 3 evidence for a wraith, but it somehow ends up being a spirit despite having proof that all the evidence wasn't for spirit. It's a shame because this game was a lot of fun to me, even on solo. It's still fun at its core, but with each new update comes a new issue that actively harms gameplay. I really hope the devs actually fix the bigger problems instead of focusing on small things because they're easier to do.",Negative,Mourning,Update Backlash,"Strong mourning. Dulu suka, sekarang kecewa.",Aligned Negative,False,False,False,False,High,pilot_manual,Scout,True,418,True,True,False,False,Mourning; Update Backlash,"i used to really love playing this game, but it seems the devs have just been making questionable decisions ever since the item update. rather than rework maps that no one likes, like school or prison, they reworked a beloved map. i actually like new tanglewood, but it feels like they only did that because it was much easier to rework than a bigger map. the new update with character customization, which is when i'm writing this, added a load of new weird things i wish didn't make it to live. using items now feels sluggish and can often be detrimental for survival when the ghost spawns right next to you to hunt. wanna use incense? hope you like the 1 second long animation before it gets going. wanna use t3 salt to slow the ghost? another 1 second animation. the way a lot of items are held now also bothers me as i can barely read the details some of the items have on their display now. it's so tiny and low resolution due to the distance from the camera that it makes it difficult to actually use stuff like t1 thermometer or even t3 sound recorder. holding a video camera on a tripod also sucks since the screen on the camera is insanely tiny while holding just the camera puts it waaaay too close to my screen and i can't see anything but the little screen. the new character animations are broken and look worse than the placeholder ones we had. someone turns around and the legs break. the arms and wrists look broken when holding most items, etc. to top it all off, they somehow broke dropping items. i've essentially gotten softlocked almost every job since the update since dropping an item is a gamble on whether or not it falls through the map. goodbye perfect hunts. there's also still the bug of getting 3 evidence for one ghost, but it's a completely different ghost, and no, i'm not talking about a mimic. i mean getting 3 evidence for a wraith, but it somehow ends up being a spirit despite having proof that all the evidence wasn't for spirit. it's a shame because this game was a lot of fun to me, even on solo. it's still fun at its core, but with each new update comes a new issue that actively harms gameplay. i really hope the devs actually fix the bigger problems instead of focusing on small things because they're easier to do.",2261,6.168773562078393,Aligned Negative,False,Negative,Negative
Phasmophobia,Posted: May 12,Not Recommended,,50.0,Casual,9,1,,,,,False,False,,,,"6 years and tons of money yet they can't get this game right, Utter clown devs.",Negative,Genuine Negative,Developer Criticism,"Singkat, hostile, low nuance.",Aligned Negative,False,False,False,False,High,pilot_manual,Biker,False,16,False,False,False,False,Genuine Negative; Developer Criticism,"6 years and tons of money yet they can't get this game right, utter clown devs.",79,3.9318256327243257,Aligned Negative,False,Negative,Negative
Phasmophobia,Posted: May 12,Not Recommended,,125.5,Veteran,3,0,,,,,True,True,,,,"Phas had a special jankyness that brought a little charm to the game. Only thing they ever needed to fix was loading screen bugs and ghosts not functioning properly. The community asks for workshop or for more maps that make sense at the very least, just a few character customization options, more equipment, etc. Instead we got poop from a butt because the devs think they know better. This game has been downhill since they added the â¥â¥â¥â¥â¥â¥â¥ loadouts and bad way to add stuff to the truck. Quite literally the worst change to a game I've ever seen in my life. ""hey this exceedingly simple way to buy and add stuff to the truck looks a little plain, lets completely overhaul it and make it a guessing game as to what you just bought and to where it just went on the screen."" If we got a team of 5th graders to make a roadmap for this game we truly would have a better turnout.",Negative,Mourning,Update Backlash,Strong loss of old charm.,Aligned Negative,False,False,False,False,High,pilot_manual,Milk,True,166,True,True,True,False,Mourning; Update Backlash,"phas had a special jankyness that brought a little charm to the game. only thing they ever needed to fix was loading screen bugs and ghosts not functioning properly. the community asks for workshop or for more maps that make sense at the very least, just a few character customization options, more equipment, etc. instead we got poop from a butt because the devs think they know better. this game has been downhill since they added the â¥â¥â¥â¥â¥â¥â¥ loadouts and bad way to add stuff to the truck. quite literally the worst change to a game i've ever seen in my life. ""hey this exceedingly simple way to buy and add stuff to the truck looks a little plain, lets completely overhaul it and make it a guessing game as to what you just bought and to where it just went on the screen."" if we got a team of 5th graders to make a roadmap for this game we truly would have a better turnout.",892,4.840242308167575,Aligned Negative,False,Negative,Negative
Phasmophobia,Posted: May 12,Not Recommended,,162.8,Veteran,5,1,,,,,True,False,,,,"So were supposed to get character customization and yet we only got a bunch of random assets thrown together. The game has been out for over a half a decade and yet it feels more and more early access as more updates gets out. just revert back to the old update with the old characters and old maps- legit no one asked for these revamps and changes. If you gotta put in a character customization then do it right as you promised years ago. + half of the time ghosts does their ""special power or interactions"" it does not prove to be the right ghost anyway due to small changes that no one knows about unless you prob read their discord. The game was great at the point where you would go to the door in the lobby and a ghost would sneeze. But feels like the devs does not give a "" "" about what fans and the community wants and rather just want to print out random plushies and music box merch instead of fixing their game.",Negative,Update Backlash,Developer Criticism,Kritik update + dev priorities.,Aligned Negative,False,False,False,False,High,pilot_manual,Jona,True,179,True,False,True,False,Update Backlash; Developer Criticism,"so were supposed to get character customization and yet we only got a bunch of random assets thrown together. the game has been out for over a half a decade and yet it feels more and more early access as more updates gets out. just revert back to the old update with the old characters and old maps- legit no one asked for these revamps and changes. if you gotta put in a character customization then do it right as you promised years ago. + half of the time ghosts does their ""special power or interactions"" it does not prove to be the right ghost anyway due to small changes that no one knows about unless you prob read their discord. the game was great at the point where you would go to the door in the lobby and a ghost would sneeze. but feels like the devs does not give a "" "" about what fans and the community wants and rather just want to print out random plushies and music box merch instead of fixing their game.",922,5.098646171418969,Aligned Negative,False,Negative,Negative
Phasmophobia,Posted: May 12,Not Recommended,,777.7,Hardcore,3,0,,,,,True,True,,,,"This was a great game, an ""indie"" that made it big. The last update(s) have made it virtually unplayable. The UI is virtually unusable, the performance is now a stuttery mess, and all the ""indie janky charm"" has been replaced by ""failed realism"". 700+ hours in game, and I no longer recommend it after the last update.",Negative,Mourning,Bug / Gameplay Degradation,"Classic mourning: was great, no longer recommend.",Aligned Negative,False,False,False,False,High,pilot_manual,mrâ¢step,True,57,True,True,True,False,Mourning; Bug / Gameplay Degradation,"this was a great game, an ""indie"" that made it big. the last update(s) have made it virtually unplayable. the ui is virtually unusable, the performance is now a stuttery mess, and all the ""indie janky charm"" has been replaced by ""failed realism"". 700+ hours in game, and i no longer recommend it after the last update.",318,6.6576258625829405,Aligned Negative,False,Negative,Negative
Phasmophobia,Posted: 12 May,Not Recommended,,215.6,Veteran,0,0,,,,,True,False,,,,"this game was great until the character update please revert :D or at least fix all the issues its caused, like the delay on almost everything and the weird new animations.",Negative,Mourning,Update Backlash,Sangat jelas mourning + revert request.,Aligned Negative,False,False,False,False,High,pilot_manual,impulse,True,31,True,True,True,False,Mourning; Update Backlash,"this game was great until the character update please revert :d or at least fix all the issues its caused, like the delay on almost everything and the weird new animations.",172,5.37805233456689,Aligned Negative,False,Negative,Negative
Phasmophobia,Posted: May 12,Not Recommended,,254.9,Veteran,4,0,,,,,False,False,,,,We need a workshop,Neutral/Unclear,Feature Request,Low Information,Not Recommended tapi teks terlalu minim.,Ambiguous / Low Information,False,False,True,True,Low,pilot_manual,Horax,True,4,False,False,False,False,Feature Request; Low Information,we need a workshop,18,5.544786743165743,Ambiguous / Low Information,True,,Neutral/Unclear
Phasmophobia,Posted: May 12,Not Recommended,,32.7,Casual,0,1,,,,,False,True,,,,"Super disappointed at the new update. I've been playing this game religiously with my friends before it went to buns. The 'character customization' is just a preset of character models, you can't actually customize the skin, hair, face, etc. There's barely any clothing and most of the accessories you have to purchase with in-game currency. Why even bother with customization when there's barely any options? 'We'll add more in future updates.' yeah but TWO (2) identical pair of pants? You can't even add in a skirt or even shorts? Not to mention how janky both the clothing and models interact. Makes you think, why not just add more characters to the pool instead of this half-ass 'customization' update? Oh right, they probably want to make clothing or avatar items locked behind a real paywall like skins or something. Onto the gameplay, the animation is buns. No one asked for this. Even if they did, they weren't asking for a 5 second delay before using any item. Looking at it from another player's perspective is cool and all but having our own hands in the screen is just annoying. Even more so having the equipment shrunk to accommodate the stupid hands, I can barely read any of the equipments as is let alone having it the size of a peenar. And the journal? With the little light clip? The devs probably think it's a cute touch huh? It would've been cute if not for the journal being five feet away from your face. Another thing that disappointed me was how the devs reacted, specifically the art director. They said, and I quote, ""The game is still plenty playable and once you get used to it, you might even forget some of the jank thats happening."" Really? This is what happens when you have devs with their heads so far up their poopoo hole, they don't care about you or the community. And I doubt he's just one of the 'bad eggs', their whole team probably thinks they can get away with this too. I won't be surprised if they pull a yanderedev with how they're 6 years in development and still in early access. If you don't have this game and want to try it out, don't. Just go play a bootleg roblox game, it's free and probably has way less 'jank' than this.",Negative,Update Backlash,Developer Criticism,"Strong negative, long complaint.",Aligned Negative,False,False,False,False,High,pilot_manual,mylk,False,393,True,True,False,False,Update Backlash; Developer Criticism,"super disappointed at the new update. i've been playing this game religiously with my friends before it went to buns. the 'character customization' is just a preset of character models, you can't actually customize the skin, hair, face, etc. there's barely any clothing and most of the accessories you have to purchase with in-game currency. why even bother with customization when there's barely any options? 'we'll add more in future updates.' yeah but two (2) identical pair of pants? you can't even add in a skirt or even shorts? not to mention how janky both the clothing and models interact. makes you think, why not just add more characters to the pool instead of this half-ass 'customization' update? oh right, they probably want to make clothing or avatar items locked behind a real paywall like skins or something. onto the gameplay, the animation is buns. no one asked for this. even if they did, they weren't asking for a 5 second delay before using any item. looking at it from another player's perspective is cool and all but having our own hands in the screen is just annoying. even more so having the equipment shrunk to accommodate the stupid hands, i can barely read any of the equipments as is let alone having it the size of a peenar. and the journal? with the little light clip? the devs probably think it's a cute touch huh? it would've been cute if not for the journal being five feet away from your face. another thing that disappointed me was how the devs reacted, specifically the art director. they said, and i quote, ""the game is still plenty playable and once you get used to it, you might even forget some of the jank thats happening."" really? this is what happens when you have devs with their heads so far up their poopoo hole, they don't care about you or the community. and i doubt he's just one of the 'bad eggs', their whole team probably thinks they can get away with this too. i won't be surprised if they pull a yanderedev with how they're 6 years in development and still in early access. if you don't have this game and want to try it out, don't. just go play a bootleg roblox game, it's free and probably has way less 'jank' than this.",2177,3.517497837358316,Aligned Negative,False,Negative,Negative
Phasmophobia,Posted: May 12,Not Recommended,,126.2,Veteran,0,0,,,,,True,True,,,,"The ""Player Character Update 0.17.0.0"" has shown that the dev team desperately needs to sit down and review their development and testing processes. There have been multiple minor issues with updates over the games lifetime, but this update in particular has been a horrendous display of complacency and negligence. I really hope the team can claw their way back up from this low point, as it's a game that myself and many others have genuinely enjoyed. But this last push of a severely underbaked update paired with a nonchalant attitude to players reacting negatively to said update, has been extremely disappointing to see.",Negative,Update Backlash,Developer Criticism,"Formal criticism, update/testing process.",Aligned Negative,False,False,False,False,High,pilot_manual,Bleat,True,103,True,True,False,False,Update Backlash; Developer Criticism,"the ""player character update 0.17.0.0"" has shown that the dev team desperately needs to sit down and review their development and testing processes. there have been multiple minor issues with updates over the games lifetime, but this update in particular has been a horrendous display of complacency and negligence. i really hope the team can claw their way back up from this low point, as it's a game that myself and many others have genuinely enjoyed. but this last push of a severely underbaked update paired with a nonchalant attitude to players reacting negatively to said update, has been extremely disappointing to see.",626,4.845760650906022,Aligned Negative,False,Negative,Negative
Phasmophobia,Posted: May 12,Not Recommended,,11.3,Casual,2,1,,,,,True,True,,,,"Weird animations, broken game, â¥â¥â¥â¥â¥â¥ models replacing the golden ones. This update â¥â¥â¥â¥â¥â¥ up the game and made it unplayable and unenjoyable, how does a company with a budget in the millions churn out something so unpolished and unfinished while other groups in the same boat do it fine with no questions? If I could refund, I would.",Negative,Bug / Gameplay Degradation,Update Backlash,Bug/degradation sangat kuat.,Aligned Negative,False,False,False,False,High,pilot_manual,Grialv,False,58,True,True,False,False,Bug / Gameplay Degradation; Update Backlash,"weird animations, broken game, â¥â¥â¥â¥â¥â¥ models replacing the golden ones. this update â¥â¥â¥â¥â¥â¥ up the game and made it unplayable and unenjoyable, how does a company with a budget in the millions churn out something so unpolished and unfinished while other groups in the same boat do it fine with no questions? if i could refund, i would.",358,2.509599262378372,Aligned Negative,False,Negative,Negative
Phasmophobia,Posted: May 12,Not Recommended,,47.3,Casual,2,0,,,,,False,False,,,,no,Negative,Low Information,Genuine Negative,"Label negative, tapi isi sangat minim.",Aligned Negative,False,False,False,False,High,pilot_manual,Hubert1234,False,1,False,False,False,False,Low Information; Genuine Negative,no,2,3.877431560658527,Aligned Negative,False,Negative,Negative
Phasmophobia,Posted: May 12,Not Recommended,,630.3,Hardcore,4,0,,,,,False,True,,,,"Boycott until the jank is fixed. They company has made 2 million some odd dollars from this game, early access( 6 years) , lack lustre updates that take months at a time and when we do get the updates they are broken, shallow or just plain boring . Idk what happened to the phasmo of yore but something needs to happen and CJâs message to put the blame on others and told us to â get used to it, itâs not that bad once you play it enough â essentially * once you swim in â¥â¥â¥â¥ for long enough you wonât realize youâre in â¥â¥â¥â¥*",Negative,Update Backlash,Developer Criticism,Strong boycott/backlash.,Aligned Negative,False,False,False,False,High,pilot_manual,Taylor1998newfie,True,105,True,True,False,False,Update Backlash; Developer Criticism,"boycott until the jank is fixed. they company has made 2 million some odd dollars from this game, early access( 6 years) , lack lustre updates that take months at a time and when we do get the updates they are broken, shallow or just plain boring . idk what happened to the phasmo of yore but something needs to happen and cjâs message to put the blame on others and told us to â get used to it, itâs not that bad once you play it enough â essentially * once you swim in â¥â¥â¥â¥ for long enough you wonât realize youâre in â¥â¥â¥â¥*",553,6.44778118537358,Aligned Negative,False,Negative,Negative
Phasmophobia,Posted: May 12,Not Recommended,,101.0,Veteran,11,0,,,,,True,True,,,,"Multi-million dollars studio that acts aimlessly with their golden goose, lack of consistent updates and very terrible decisions in recent times. They killed my enjoyement of the game with the most recent animation update and their response to the community's backlash was out of touch, I'd personally advise to avoid buying the game for the time being.",Negative,Mourning,Update Backlash,Killed my enjoyment = mourning/frustration.,Aligned Negative,False,False,False,False,High,pilot_manual,Trufas,True,57,True,False,True,False,Mourning; Update Backlash,"multi-million dollars studio that acts aimlessly with their golden goose, lack of consistent updates and very terrible decisions in recent times. they killed my enjoyement of the game with the most recent animation update and their response to the community's backlash was out of touch, i'd personally advise to avoid buying the game for the time being.",353,4.624972813284271,Aligned Negative,False,Negative,Negative
Phasmophobia,Posted: May 12,Not Recommended,,286.1,Veteran,2,0,,,,,True,True,,,,"TLDR; New gamers, I urge you not to buy this game. Do not throw good money after bad. The majority of good reviews for this game are for an archived version of ""Phasmophobia"" which is longer exists and/or in not available after 05/05/26. After the debacle that is the 5/5 0.17 Cosmetics update, I dared hope that the devs might listen and fix the worst offenders in the follow-up hotfix of 12/05/26. This patch failed to address the core issues of ""degraded visuals"" (Avatars, animations, visual bugs.) and ""Gameplay feel / pacing"" (How the player interacts with their equipment and interactions with game UI). The Hotfix ignores the community feedback regarding cosmetics and visual feel of the game entirely except for a token change to the video camera. Gameplay feedback has been poorly addressed: The much hated animations were shortened or removed - except where they haven't been, or for some reason just revert to having animations which were supposedly removed. EG. Placing salt is instant, but you remain animation locked until the animation completes. Closing the journel animation locks you etc. There are also huge inconsistencies around when animations have been removed or will animation lock you partly due to the knee-jerk reaction of pruning SOME animations and NOT ALL. This gives the overall effect of feeling even more jarring than the previous BLANKET animation locks which the devs forced into 0.17. As for visual animations: I am 'pleased' to report that players can still turn their legs into noodley-knots simply by walking forwards and straffing left. More importantly objects held in your hand jitter and shudder when you turn your camera, leading to intense motion sickness and rendering some objects unusable unless you are stood still (Vid Cam). Tellingly; Whereas the cosmetics update has been 2 years in coming and we got 3 items of clothing with various colours and no ability to change hairstyles outside of choosing from character models which are vastly inferior to pre05/05 iterations; the Alan Wake collab is surprisingly (and suspiciously) polished. It makes me think that the time/money went towards this unrelated collab as a cash-in rather than going towards core gameplay/EA benchmark goals which had been promised for several years. I will not recommend this game due to the current game-breaking bugs, poor game ""feel"" and my own personal opinion that what started out as a true passion project has decided to cash-in on previous community good will for a quick buck. I have spent nearly 300hrs making amazing memories with friends in a game which no longer exists and which has replaced with a bastardised, janky and ugly malformed degeneration which sullies the name of the original (pre 05/05) game. It saddens me that my first ever review for a game is written to WARN other players away, but this is no longer the game 'Phasmophobia' which had overwhelmingly positive reviews. Phasmo devs: You Killed My Baby. Shame on you.",Negative,Mourning,Update Backlash,Strongest mourning. Old game no longer exists.,Aligned Negative,False,False,False,False,High,pilot_manual,Whitechapel,True,490,True,True,True,False,Mourning; Update Backlash,"tldr; new gamers, i urge you not to buy this game. do not throw good money after bad. the majority of good reviews for this game are for an archived version of ""phasmophobia"" which is longer exists and/or in not available after 05/05/26. after the debacle that is the 5/5 0.17 cosmetics update, i dared hope that the devs might listen and fix the worst offenders in the follow-up hotfix of 12/05/26. this patch failed to address the core issues of ""degraded visuals"" (avatars, animations, visual bugs.) and ""gameplay feel / pacing"" (how the player interacts with their equipment and interactions with game ui). the hotfix ignores the community feedback regarding cosmetics and visual feel of the game entirely except for a token change to the video camera. gameplay feedback has been poorly addressed: the much hated animations were shortened or removed - except where they haven't been, or for some reason just revert to having animations which were supposedly removed. eg. placing salt is instant, but you remain animation locked until the animation completes. closing the journel animation locks you etc. there are also huge inconsistencies around when animations have been removed or will animation lock you partly due to the knee-jerk reaction of pruning some animations and not all. this gives the overall effect of feeling even more jarring than the previous blanket animation locks which the devs forced into 0.17. as for visual animations: i am 'pleased' to report that players can still turn their legs into noodley-knots simply by walking forwards and straffing left. more importantly objects held in your hand jitter and shudder when you turn your camera, leading to intense motion sickness and rendering some objects unusable unless you are stood still (vid cam). tellingly; whereas the cosmetics update has been 2 years in coming and we got 3 items of clothing with various colours and no ability to change hairstyles outside of choosing from character models which are vastly inferior to pre05/05 iterations; the alan wake collab is surprisingly (and suspiciously) polished. it makes me think that the time/money went towards this unrelated collab as a cash-in rather than going towards core gameplay/ea benchmark goals which had been promised for several years. i will not recommend this game due to the current game-breaking bugs, poor game ""feel"" and my own personal opinion that what started out as a true passion project has decided to cash-in on previous community good will for a quick buck. i have spent nearly 300hrs making amazing memories with friends in a game which no longer exists and which has replaced with a bastardised, janky and ugly malformed degeneration which sullies the name of the original (pre 05/05) game. it saddens me that my first ever review for a game is written to warn other players away, but this is no longer the game 'phasmophobia' which had overwhelmingly positive reviews. phasmo devs: you killed my baby. shame on you.",2974,5.6598305871270185,Aligned Negative,False,Negative,Negative
Phasmophobia,Posted: May 12,Recommended,,152.3,Veteran,0,0,,,,,True,False,,,,Very fun puzzle game with ghosts and really fun mechanics that make each game a unique experience,Positive,Genuine Positive,,Positive straightforward.,Aligned Positive,False,False,False,False,High,pilot_manual,briannanewkirk5,True,17,False,False,False,False,Genuine Positive,very fun puzzle game with ghosts and really fun mechanics that make each game a unique experience,97,5.0323967858777685,Aligned Positive,False,Positive,Positive
Phasmophobia,Posted: May 12,Recommended,,30.5,Casual,2,0,,,,,True,False,,,,it is very good and nice,Positive,Genuine Positive,Low Information,Positive tapi pendek.,Aligned Positive,False,False,False,False,High,pilot_manual,bigsonnyt,False,6,False,False,False,False,Genuine Positive; Low Information,it is very good and nice,24,3.449987545831587,Aligned Positive,False,Positive,Positive
Phasmophobia,Posted: May 12,Recommended,,33.9,Casual,0,0,,,,,True,False,,,,"great game, some players are so whiny about update ""waaah waaah its slow waaah""",Positive,Mixed Positive,Community Defense,"Positive, membela update dari kritik orang lain.",Aligned Positive,False,False,False,False,High,pilot_manual,bradyhargraves,False,14,True,False,False,True,Mixed Positive; Community Defense,"great game, some players are so whiny about update ""waaah waaah its slow waaah""",79,3.5524868292083815,Aligned Positive,False,Positive,Positive
Phasmophobia,Posted: May 12,Recommended,,15.7,Casual,0,0,,,,,True,False,,,,best horror game i ever had,Positive,Genuine Positive,Low Information,Positive pendek.,Aligned Positive,False,False,False,False,High,pilot_manual,Daman Singh,False,6,False,False,False,False,Genuine Positive; Low Information,best horror game i ever had,27,2.8154087194227095,Aligned Positive,False,Positive,Positive
Phasmophobia,Posted: May 12,Recommended,,13.3,Casual,0,0,,,,,True,False,,,,"very good, very scary",Positive,Genuine Positive,Low Information,Positive pendek.,Aligned Positive,False,False,False,False,High,pilot_manual,Donciukas,False,4,False,False,False,False,Genuine Positive; Low Information,"very good, very scary",21,2.6602595372658615,Aligned Positive,False,Positive,Positive
Phasmophobia,Posted: May 12,Recommended,,59.7,Regular,0,0,,,,,False,False,,,,*imaginary thumbsup emogi,Neutral/Unclear,Meme / Joke Review,Low Information,Recommendation positif tapi teks tidak evaluatif.,Ambiguous / Low Information,False,False,True,True,Low,pilot_manual,markylough,False,3,False,False,False,False,Meme / Joke Review; Low Information,*imaginary thumbsup emogi,25,4.1059436980654525,Ambiguous / Low Information,True,,Neutral/Unclear
Phasmophobia,Posted: May 12,Recommended,,69.1,Regular,0,0,,,,,False,False,,,,i got the hantuvirus,Neutral/Unclear,Meme / Joke Review,Low Information,"Meme, bukan sentiment jelas.",Ambiguous / Low Information,False,False,True,True,Low,pilot_manual,Azlayn,False,4,False,False,False,False,Meme / Joke Review; Low Information,i got the hantuvirus,20,4.249922794040544,Ambiguous / Low Information,True,,Neutral/Unclear
Phasmophobia,Posted: May 12,Recommended,,425.4,Hardcore,0,0,,,,,True,False,,,,This game is so much fun and when you are playing with friends it's even better!!,Positive,Genuine Positive,,Positive clear.,Aligned Positive,False,False,False,False,High,pilot_manual,The Mad Hatty,True,16,False,False,False,False,Genuine Positive,this game is so much fun and when you are playing with friends it's even better!!,81,6.0553778728516345,Aligned Positive,False,Positive,Positive
Phasmophobia,Posted: 12 May,Recommended,,17.5,Casual,0,0,,,,,True,False,,,,"One of the best games i've played in a while. it scratches that curious itch for the unknown, and its fun to play when you're bored",Positive,Genuine Positive,,Positive clear.,Aligned Positive,False,False,False,False,High,pilot_manual,HowdMyDikTzt,False,26,False,False,False,False,Genuine Positive,"one of the best games i've played in a while. it scratches that curious itch for the unknown, and its fun to play when you're bored",131,2.917770732084279,Aligned Positive,False,Positive,Positive
Phasmophobia,Posted: May 12,Recommended,,219.7,Veteran,0,0,,,,,False,False,,,,My insanity evidence would be UV and no i will not elaborate,Neutral/Unclear,Meme / Joke Review,Low Information,Joke/internal reference.,Ambiguous / Low Information,False,False,True,True,Low,pilot_manual,Vampiric_Hamster,True,12,False,False,False,False,Meme / Joke Review; Low Information,my insanity evidence would be uv and no i will not elaborate,60,5.396804313262691,Ambiguous / Low Information,True,,Neutral/Unclear
Phasmophobia,Posted: 12 May,Recommended,,1.9,New,0,0,,,,,True,False,,,,"I liked this game but I didn't enjoy it enough to keep it. It's fun for people who like solving mystery's and puzzles, Good game just not my style.",Mixed,Not My Style / Refund,Mixed Positive,Recommended tapi refunded; tone mixed.,Soft Mismatch: Recommended but Mixed Text,False,True,False,True,Medium,pilot_manual,Muertowolf,False,29,False,False,False,False,Not My Style / Refund; Mixed Positive,"i liked this game but i didn't enjoy it enough to keep it. it's fun for people who like solving mystery's and puzzles, good game just not my style.",147,1.0647107369924282,Soft Mismatch: Recommended but Mixed Text,True,,Mixed
Phasmophobia,Posted: May 12,Recommended,,30.3,Casual,0,0,,,,,False,False,,,,Ghost is in room 1. I go room 1. Nothing happen in room 1. Ghost does ghost stuff and crawls out of room 2. I die.,Neutral/Unclear,Meme / Joke Review,Gameplay Anecdote,More anecdote than sentiment.,Ambiguous / Low Information,False,False,True,True,Low,pilot_manual,SlamiTwosti,False,26,False,False,False,False,Meme / Joke Review; Gameplay Anecdote,ghost is in room 1. i go room 1. nothing happen in room 1. ghost does ghost stuff and crawls out of room 2. i die.,114,3.4436180975461075,Ambiguous / Low Information,True,,Neutral/Unclear
Phasmophobia,Posted: May 12,Recommended,,294.2,Veteran,0,0,,,,,True,False,,,,Great game and great devs.,Positive,Genuine Positive,Low Information,Positive.,Aligned Positive,False,False,False,False,High,pilot_manual,SatsuJin,True,5,False,False,False,False,Genuine Positive; Low Information,great game and great devs.,26,5.687653092726317,Aligned Positive,False,Positive,Positive
Phasmophobia,Posted: May 12,Recommended,,4.4,New,0,0,,,,,True,False,,,,this game good as good,Positive,Genuine Positive,Low Information,Positive low info.,Aligned Positive,False,False,False,False,High,pilot_manual,Not_XGI,False,5,False,False,False,False,Genuine Positive; Low Information,this game good as good,22,1.6863989535702288,Aligned Positive,False,Positive,Positive
Phasmophobia,Posted: 12 May,Recommended,,44.1,Casual,0,0,,,,,False,False,,,,I'm a lot less than just cleaning supplies and a lifeless bimbo body placed under a fabulous wig.,Neutral/Unclear,Meme / Joke Review,Low Information,Hard to interpret without context.,Ambiguous / Low Information,False,False,True,True,Low,pilot_manual,Kylie,False,18,False,False,False,False,Meme / Joke Review; Low Information,i'm a lot less than just cleaning supplies and a lifeless bimbo body placed under a fabulous wig.,97,3.8088822465086327,Ambiguous / Low Information,True,,Neutral/Unclear
Phasmophobia,Posted: 12 May,Recommended,,5.3,New,0,0,,,,,False,False,,,,You can roast the ghost,Neutral/Unclear,Meme / Joke Review,Low Information,Meme/joke.,Ambiguous / Low Information,False,False,True,True,Low,pilot_manual,ðð¸ð·ð¼ð½ð®ð»,False,5,False,False,False,False,Meme / Joke Review; Low Information,you can roast the ghost,23,1.840549633397487,Ambiguous / Low Information,True,,Neutral/Unclear
Phasmophobia,Posted: 12 May,Recommended,,51.8,Regular,0,0,,,,,True,False,,,,I enjoy the fact that there is equipment in the game that one uses in real life ghost hunts and paranormal investigations. I also like that the ghosts in this game are based on real folklore from different parts of the world.,Positive,Genuine Positive,,"Positive, explains appreciation.",Aligned Positive,False,False,False,False,High,pilot_manual,oceanblue181818,False,42,False,False,False,False,Genuine Positive,i enjoy the fact that there is equipment in the game that one uses in real life ghost hunts and paranormal investigations. i also like that the ghosts in this game are based on real folklore from different parts of the world.,225,3.966511190712216,Aligned Positive,False,Positive,Positive
Phasmophobia,Posted: May 12,Recommended,,37.1,Casual,0,0,,,,,True,False,,,,amazing game. 10/10. they do need to fix the bugs with the new update,Mixed,Mixed Positive,Positive with Minor Complaint,"Positive overall, minor bug complaint.",Soft Mismatch: Recommended but Mixed Text,False,True,False,True,Medium,pilot_manual,NightfallX,False,14,True,True,False,True,Mixed Positive; Positive with Minor Complaint,amazing game. 10/10. they do need to fix the bugs with the new update,69,3.6402142821326553,Soft Mismatch: Recommended but Mixed Text,True,,Mixed
Phasmophobia,Posted: 12 May,Recommended,,25.6,Casual,0,0,,,,,True,False,,,,"I'm really enjoying this new update. The diner map is super fun and has a great, creepy vibe. Some people are hating on the update, i might be missing something, but so far everything is awesome. The only real issue I've seen is the fridge door glitching; it bugs out sometimes, but it hasn't stopped me from having a great time.",Mixed,Mixed Positive,Positive with Minor Complaint,Positive despite glitch mention.,Soft Mismatch: Recommended but Mixed Text,False,True,False,True,Medium,pilot_manual,FoxerDiller,False,61,True,True,False,True,Mixed Positive; Positive with Minor Complaint,"i'm really enjoying this new update. the diner map is super fun and has a great, creepy vibe. some people are hating on the update, i might be missing something, but so far everything is awesome. the only real issue i've seen is the fridge door glitching; it bugs out sometimes, but it hasn't stopped me from having a great time.",329,3.2809112157876537,Soft Mismatch: Recommended but Mixed Text,True,,Mixed
Phasmophobia,Posted: 12 May,Recommended,,72.7,Regular,0,0,,,,,False,False,,,,its an alright game but for me its too clumsy and a bit glitchy so i rarely play it.,Mixed,Mixed Negative,Recommendation Mismatch Candidate,"Recommended label, but text leans weak/negative.",Soft Mismatch: Recommended but Mixed Text,False,True,False,True,Medium,pilot_manual,Oyster,False,19,False,True,False,True,Mixed Negative; Recommendation Mismatch Candidate,its an alright game but for me its too clumsy and a bit glitchy so i rarely play it.,84,4.300002799195291,Soft Mismatch: Recommended but Mixed Text,True,,Mixed
Phasmophobia,2026-06-12,Recommended,26.6 hrs on record,26.6,Casual,0,0,0.5,3.0,False,False,False,False,False,False,False,fent folding ghost killed my hb,Neutral/Unclear,Meme / Joke Review,Low Information,Meme-like review; evaluative sentiment toward the game is unclear.,Ambiguous / Low Information,False,False,True,True,Low,assistant_draft,,,6,,,,,,fent folding ghost killed my hb,31,3.3178157727231046,Ambiguous / Low Information,True,,Neutral/Unclear
Phasmophobia,2026-06-10,Recommended,5.1 hrs on record,5.1,New,0,0,0.5,0.0,False,False,True,False,False,False,False,very fun but can be scary at moments,Positive,Genuine Positive,,Straightforward positive Recommended review.,Aligned Positive,False,False,False,False,High,assistant_draft,,,8,,,,,,very fun but can be scary at moments,36,1.8082887711792655,Aligned Positive,False,Positive,Positive
Phasmophobia,2026-06-12,Recommended,5.1 hrs on record,5.1,New,0,0,0.4977664649486541,0.0,False,False,True,False,False,False,False,its fun and i wish people on playstation dont have to get playstation plus just to play with anyone on multiplayer.,Positive,Genuine Positive,Feature Request,"Positive overall, with a multiplayer/platform access wish.",Aligned Positive,False,False,False,False,High,assistant_draft,,,21,,,,,,its fun and i wish people on playstation dont have to get playstation plus just to play with anyone on multiplayer.,115,1.8082887711792655,Aligned Positive,False,Positive,Positive
Phasmophobia,2026-06-09,Recommended,1344.7 hrs on record,1344.7,Hardcore,0,1,0.5,0.0,False,False,True,False,False,False,False,One of the best games out there at the moment! So stoked to see it become a movie!,Positive,Genuine Positive,,Straightforward positive Recommended review.,Aligned Positive,False,False,False,False,High,assistant_draft,,,18,,,,,,one of the best games out there at the moment! so stoked to see it become a movie!,82,7.2046696027474955,Aligned Positive,False,Positive,Positive
Phasmophobia,2026-06-10,Recommended,140.6 hrs on record,140.6,Veteran,0,0,0.5,0.0,False,False,True,False,False,False,False,played this game since early release days and im still in love with every aspect of the game,Positive,Genuine Positive,,Straightforward positive Recommended review.,Aligned Positive,False,False,False,False,High,assistant_draft,,,18,,,,,,played this game since early release days and im still in love with every aspect of the game,92,4.953006181259619,Aligned Positive,False,Positive,Positive
Phasmophobia,2026-06-11,Recommended,57.5 hrs on record,57.5,Regular,0,0,0.5,0.0,False,False,True,False,False,False,False,"I would just loveee it if there were lobbies for 8 players because i made all my friends buy the game and now that we are 7-8 in our friend group we cannot play together and even if there are some mods for that i cannot trust them to not hack my computer, so im asking for yall to make the game for 8 players pretty please with a cherry on top",Positive,Genuine Positive,Feature Request,"Positive overall, mainly requests larger lobbies for friend groups.",Aligned Positive,False,False,False,False,High,assistant_draft,,,72,,,,,,"i would just loveee it if there were lobbies for 8 players because i made all my friends buy the game and now that we are 7-8 in our friend group we cannot play together and even if there are some mods for that i cannot trust them to not hack my computer, so im asking for yall to make the game for 8 players pretty please with a cherry on top",343,4.069026754237811,Aligned Positive,False,Positive,Positive
Phasmophobia,2026-06-11,Recommended,7.8 hrs on record,7.8,New,0,0,0.5,0.0,False,False,True,False,False,False,False,game is fun and scary at some points,Positive,Genuine Positive,,Straightforward positive Recommended review.,Aligned Positive,False,False,False,False,High,assistant_draft,,,8,,,,,,game is fun and scary at some points,36,2.174751721484161,Aligned Positive,False,Positive,Positive
Phasmophobia,2026-06-11,Recommended,75.4 hrs on record,75.4,Regular,0,0,0.5,0.0,False,False,True,False,False,False,False,"Such an amazing game, one of the games I can play for hours.",Positive,Genuine Positive,,Straightforward positive Recommended review.,Aligned Positive,False,False,False,False,High,assistant_draft,,,13,,,,,,"such an amazing game, one of the games i can play for hours.",60,4.335982696172475,Aligned Positive,False,Positive,Positive
Phasmophobia,2026-06-11,Recommended,40.7 hrs on record,40.7,Casual,0,1,0.5,0.0,False,False,False,False,False,False,False,play with frinds but not with ones that count as 3 people,Positive,Genuine Positive,,Straightforward positive Recommended review.,Aligned Positive,False,False,False,False,High,assistant_draft,,,12,,,,,,play with frinds but not with ones that count as 3 people,57,3.730501128804756,Aligned Positive,False,Positive,Positive
Phasmophobia,2026-06-09,Recommended,34.7 hrs on record,34.7,Casual,0,0,0.5,0.0,False,False,False,False,False,False,False,Pls don't play this for long cause when you do.. you can never lose.,Positive,Genuine Positive,,Straightforward positive Recommended review.,Aligned Positive,False,False,False,False,High,assistant_draft,,,14,,,,,,pls don't play this for long cause when you do.. you can never lose.,68,3.5751506887855933,Aligned Positive,False,Positive,Positive
Phasmophobia,2026-06-11,Recommended,86.3 hrs on record,86.3,Regular,0,0,0.5,0.0,False,False,True,False,False,False,False,"86 hours of my daily life wasted on this game, its pretty fun.",Positive,Genuine Positive,,Straightforward positive Recommended review.,Aligned Positive,False,False,False,False,High,assistant_draft,,,13,,,,,,"86 hours of my daily life wasted on this game, its pretty fun.",62,4.469350462845557,Aligned Positive,False,Positive,Positive
Phasmophobia,2026-06-10,Recommended,3.8 hrs on record,3.8,New,0,0,0.5,0.0,False,False,True,False,False,False,False,Fun and Funny. Play it with friends all the time and barely solve any haunts.,Positive,Genuine Positive,,Straightforward positive Recommended review.,Aligned Positive,False,False,False,False,High,assistant_draft,,,15,,,,,,fun and funny. play it with friends all the time and barely solve any haunts.,77,1.5686159179138452,Aligned Positive,False,Positive,Positive
Phasmophobia,2026-06-13,Recommended,29.1 hrs on record,29.1,Casual,0,0,0.5,0.0,False,False,True,False,False,False,False,its a fun game to play with your friends,Positive,Genuine Positive,,Straightforward positive Recommended review.,Aligned Positive,False,False,False,False,High,assistant_draft,,,9,,,,,,its a fun game to play with your friends,40,3.40452517175483,Aligned Positive,False,Positive,Positive
Phasmophobia,2026-06-10,Recommended,7.4 hrs on record,7.4,New,0,0,0.5,0.0,False,False,True,False,False,False,False,i just think its a good game but hard too play,Positive,Genuine Positive,,Straightforward positive Recommended review.,Aligned Positive,False,False,False,False,High,assistant_draft,,,11,,,,,,i just think its a good game but hard too play,46,2.128231705849268,Aligned Positive,False,Positive,Positive
Phasmophobia,2026-06-11,Recommended,22.1 hrs on record,22.1,Casual,0,0,0.5,0.0,False,False,True,False,False,False,False,"Very fun with friends, the amount of content is a good amount, and overall a very well put together game",Positive,Genuine Positive,,Straightforward positive Recommended review.,Aligned Positive,False,False,False,False,High,assistant_draft,,,20,,,,,,"very fun with friends, the amount of content is a good amount, and overall a very well put together game",104,3.139832617527748,Aligned Positive,False,Positive,Positive
Phasmophobia,2026-06-11,Recommended,8.8 hrs on record,8.8,New,0,0,0.5,0.0,False,False,True,False,False,False,False,very fun but make sure u play with friends,Positive,Genuine Positive,,Straightforward positive Recommended review.,Aligned Positive,False,False,False,False,High,assistant_draft,,,9,,,,,,very fun but make sure u play with friends,42,2.2823823856765264,Aligned Positive,False,Positive,Positive
Phasmophobia,2026-06-12,Recommended,68.0 hrs on record,68.0,Regular,0,1,0.5,0.0,False,False,True,False,False,False,False,"fun game, also writing this at 67 hours, 6 7",Positive,Genuine Positive,,Straightforward positive Recommended review.,Aligned Positive,False,False,False,False,High,assistant_draft,,,10,,,,,,"fun game, also writing this at 67 hours, 6 7",44,4.23410650459726,Aligned Positive,False,Positive,Positive
Phasmophobia,2026-06-11,Recommended,22.6 hrs on record,22.6,Casual,0,0,0.5,0.0,False,False,True,False,False,False,False,A great game when played with friends. Scary and funny at the same time. Highly recommend!,Positive,Genuine Positive,,Straightforward positive Recommended review.,Aligned Positive,False,False,False,False,High,assistant_draft,,,16,,,,,,a great game when played with friends. scary and funny at the same time. highly recommend!,90,3.1612467120315646,Aligned Positive,False,Positive,Positive
Phasmophobia,2026-06-11,Recommended,3.3 hrs on record,3.3,New,0,0,0.5,0.0,False,False,False,False,False,False,False,saw the ghost got scared and left,Positive,Genuine Positive,,Straightforward positive Recommended review.,Aligned Positive,False,False,False,False,High,assistant_draft,,,7,,,,,,saw the ghost got scared and left,33,1.4586150226995167,Aligned Positive,False,Positive,Positive
Phasmophobia,2026-06-09,Recommended,33.3 hrs on record,33.3,Casual,0,0,0.5,0.0,False,False,True,False,False,False,False,Very fun game to play with friends,Positive,Genuine Positive,,Straightforward positive Recommended review.,Aligned Positive,False,False,False,False,High,assistant_draft,,,7,,,,,,very fun game to play with friends,34,3.535145354171894,Aligned Positive,False,Positive,Positive
Phasmophobia,2026-06-09,Recommended,7.2 hrs on record,7.2,New,0,0,0.5,0.0,False,False,False,False,False,False,False,"peak, got gifted it and even better",Positive,Genuine Positive,,Straightforward positive Recommended review.,Aligned Positive,False,False,False,False,High,assistant_draft,,,7,,,,,,"peak, got gifted it and even better",35,2.1041341542702074,Aligned Positive,False,Positive,Positive
Phasmophobia,2026-06-09,Recommended,25.9 hrs on record,25.9,Casual,0,0,0.5,0.0,False,False,True,False,False,False,False,"learning curve is tough, but fun with friends",Positive,Genuine Positive,,Straightforward positive Recommended review.,Aligned Positive,False,False,False,False,High,assistant_draft,,,8,,,,,,"learning curve is tough, but fun with friends",45,3.292126286607793,Aligned Positive,False,Positive,Positive
Phasmophobia,2026-06-10,Recommended,146.9 hrs on record,146.9,Veteran,0,0,0.5,0.0,False,False,True,False,False,False,False,its a very good game but i think they made the game a bit worse with tangle wood,Mixed,Mixed Positive,Positive with Minor Complaint,"Recommended label and generally positive, but mentions the game became worse due to Tanglewood.",Soft Mismatch: Recommended but Mixed Text,False,True,False,True,Medium,assistant_draft,,,18,,,,,,its a very good game but i think they made the game a bit worse with tangle wood,80,4.996536369716754,Soft Mismatch: Recommended but Mixed Text,True,,Mixed
Phasmophobia,2026-06-10,Recommended,8.5 hrs on record,8.5,New,0,0,0.5,0.0,False,False,True,False,False,False,False,scary but good... great... awsome.... THE BEST!,Positive,Genuine Positive,,Straightforward positive Recommended review.,Aligned Positive,False,False,False,False,High,assistant_draft,,,7,,,,,,scary but good... great... awsome.... the best!,47,2.2512917986064953,Aligned Positive,False,Positive,Positive
Phasmophobia,2026-06-11,Recommended,46.4 hrs on record,46.4,Casual,0,0,0.5,0.0,False,False,True,False,False,False,False,it is a great game to play and really gives the horror vibe while ghost hunting,Positive,Genuine Positive,,Straightforward positive Recommended review.,Aligned Positive,False,False,False,False,High,assistant_draft,,,16,,,,,,it is a great game to play and really gives the horror vibe while ghost hunting,79,3.858622228701031,Aligned Positive,False,Positive,Positive
Phasmophobia,2026-06-10,Recommended,23.0 hrs on record,23.0,Casual,0,0,0.5,0.0,False,False,False,False,False,False,False,phasmophobia is a fairly well made game where the devs seem to somewhat care about the comunity and have contiunously added new content throughout the years,Positive,Genuine Positive,Developer Praise,Positive evaluation of the game and developers adding content.,Aligned Positive,False,False,False,False,High,assistant_draft,,,26,,,,,,phasmophobia is a fairly well made game where the devs seem to somewhat care about the comunity and have contiunously added new content throughout the years,156,3.1780538303479458,Aligned Positive,False,Positive,Positive
Phasmophobia,2026-06-11,Recommended,44.2 hrs on record,44.2,Casual,1,0,0.5238095521926879,0.0,False,False,True,False,False,False,False,very fun and gave me diarea,Neutral/Unclear,Meme / Joke Review,Gameplay Anecdote,Humorous review or gameplay anecdote with limited explicit evaluation.,Ambiguous / Low Information,False,False,True,True,Low,assistant_draft,,,6,,,,,,very fun and gave me diarea,27,3.8110970868381857,Ambiguous / Low Information,True,,Neutral/Unclear
Phasmophobia,2026-06-09,Recommended,14.6 hrs on record,14.6,Casual,0,1,0.5,0.0,False,False,False,False,False,False,False,the hantu bent me over and abused me from behind,Neutral/Unclear,Meme / Joke Review,Low Information,Sexualized joke; not enough clear evaluative content.,Ambiguous / Low Information,False,False,True,True,Low,assistant_draft,,,10,,,,,,the hantu bent me over and abused me from behind,48,2.747270914255491,Ambiguous / Low Information,True,,Neutral/Unclear
Phasmophobia,2026-06-11,Recommended,71.8 hrs on record,71.8,Regular,0,0,0.5,0.0,False,False,False,False,False,False,False,i shat my pants at least thrice,Neutral/Unclear,Meme / Joke Review,Gameplay Anecdote,Humorous review or gameplay anecdote with limited explicit evaluation.,Ambiguous / Low Information,False,False,True,True,Low,assistant_draft,,,7,,,,,,i shat my pants at least thrice,31,4.28771595520264,Ambiguous / Low Information,True,,Neutral/Unclear
Phasmophobia,2026-06-12,Recommended,21.4 hrs on record,21.4,Casual,0,0,0.5,0.0,False,False,False,False,False,False,False,Our professional ghost hunting team can take on an infestation of any level. Especially if it is the mimic. I have a special can of salt with his name on it.,Neutral/Unclear,Meme / Joke Review,Gameplay Anecdote,Roleplay/joke review rather than clear sentiment.,Ambiguous / Low Information,False,False,True,True,Low,assistant_draft,,,31,,,,,,our professional ghost hunting team can take on an infestation of any level. especially if it is the mimic. i have a special can of salt with his name on it.,157,3.109060958860994,Ambiguous / Low Information,True,,Neutral/Unclear
Phasmophobia,2026-06-09,Recommended,70.9 hrs on record,70.9,Regular,0,0,0.5,0.0,False,False,False,False,False,False,False,i dont know why these things are so angry murder is a bit much,Neutral/Unclear,Meme / Joke Review,Gameplay Anecdote,Humorous ghost-related comment without clear review evaluation.,Ambiguous / Low Information,False,False,True,True,Low,assistant_draft,,,14,,,,,,i dont know why these things are so angry murder is a bit much,62,4.275276264727001,Ambiguous / Low Information,True,,Neutral/Unclear
Phasmophobia,2026-06-13,Recommended,3.6 hrs on record,3.6,New,0,0,0.5,0.0,False,False,False,False,False,False,False,the only thing i was certain was the what ever it was it wanted me gone 10/10,Positive,Genuine Positive,,Straightforward positive Recommended review.,Aligned Positive,False,False,False,False,High,assistant_draft,,,17,,,,,,the only thing i was certain was the what ever it was it wanted me gone 10/10,77,1.5260563034950492,Aligned Positive,False,Positive,Positive
Phasmophobia,2026-06-10,Recommended,63.6 hrs on record,63.6,Regular,0,0,0.5,0.0,False,False,True,False,False,False,False,"pretty good, only wish we could also exercise the ghost with the evidence we found, would be a cool feature",Positive,Genuine Positive,Feature Request,Positive review with a suggestion for an additional ghost-exorcism feature.,Aligned Positive,False,False,False,False,High,assistant_draft,,,20,,,,,,"pretty good, only wish we could also exercise the ghost with the evidence we found, would be a cool feature",107,4.168214410788556,Aligned Positive,False,Positive,Positive
Phasmophobia,2026-06-10,Recommended,0.1 hrs on record,0.1,New,0,0,0.5,0.0,False,False,True,False,False,False,False,good game. never played though. I dont know how im able to review it.,Neutral/Unclear,Meme / Joke Review,Low Information,Claims good game but also says they never played; sentiment unreliable.,Ambiguous / Low Information,False,False,True,True,Low,assistant_draft,,,14,,,,,,good game. never played though. i dont know how im able to review it.,69,0.09531017980432487,Ambiguous / Low Information,True,,Neutral/Unclear
Phasmophobia,2026-06-09,Recommended,3.1 hrs on record,3.1,New,0,0,0.5,0.0,False,False,True,False,False,False,False,enter truck get items enter house emf 5 front door close demon hear voice dead game fun and scarey,Positive,Genuine Positive,,Straightforward positive Recommended review.,Aligned Positive,False,False,False,False,High,assistant_draft,,,19,,,,,,enter truck get items enter house emf 5 front door close demon hear voice dead game fun and scarey,98,1.410986973710262,Aligned Positive,False,Positive,Positive
Phasmophobia,2026-06-11,Not Recommended,196.4 hrs on record,196.4,Veteran,3,0,0.5,0.0,True,False,True,False,False,False,False,"Was fun before the latest updates, now it's just ♥♥♥♥",Negative,Mourning,Update Backlash,Says the game was fun before updates but is now bad.,Aligned Negative,False,False,False,False,High,assistant_draft,,,10,,,,,,"was fun before the latest updates, now it's just ♥♥♥♥",53,5.285232126999381,Aligned Negative,False,Negative,Negative
Phasmophobia,2026-06-11,Not Recommended,146.7 hrs on record,146.7,Veteran,4,0,0.5648242235183715,0.0,True,True,True,True,False,False,False,"Phasmophobia can be a fun game to play as solo or with your friends... that's if it even works half the time, the player customization has proven me that the developers are not listening to criticism and despite having millions and millions of dollars earned from this game, the recent update that changed the characters animation looks horrible and has introduced a TON of bugs. It's very evidently proven that this game was released on early access in 2020, and YET by the time I'm writing this nearly 6 years later, it still is in early access. I truly do wish this game can get better and the developers actually start listening to the community, but it doesn't seem like it. The optimization has also gotten so bad since the player customization update, that the amount of times it takes just for me to be taken back to the lobby screen sucks.",Negative,Update Backlash,Bug / Gameplay Degradation; Developer Criticism,"Negative review mainly criticizes recent updates, changes, or added animations/customization.",Aligned Negative,False,False,False,False,High,assistant_draft,,,152,,,,,,"phasmophobia can be a fun game to play as solo or with your friends... that's if it even works half the time, the player customization has proven me that the developers are not listening to criticism and despite having millions and millions of dollars earned from this game, the recent update that changed the characters animation looks horrible and has introduced a ton of bugs. it's very evidently proven that this game was released on early access in 2020, and yet by the time i'm writing this nearly 6 years later, it still is in early access. i truly do wish this game can get better and the developers actually start listening to the community, but it doesn't seem like it. the optimization has also gotten so bad since the player customization update, that the amount of times it takes just for me to be taken back to the lobby screen sucks.",848,4.995183189537334,Aligned Negative,False,Negative,Negative
Phasmophobia,2026-06-09,Not Recommended,43.4 hrs on record,43.4,Casual,0,0,0.5,0.0,True,True,False,False,False,False,False,"pretty much unplayable now, focused on the wrong things first. Why try to update graphics before adding dynamism to the game? the death animations have lost all impact and are just the same old garbage. There are so many ghosts each should have different types of animations... another case of tired devs and failed potential",Negative,Update Backlash,Bug / Gameplay Degradation; Developer Criticism,"Negative review mainly criticizes recent updates, changes, or added animations/customization.",Aligned Negative,False,False,False,False,High,assistant_draft,,,55,,,,,,"pretty much unplayable now, focused on the wrong things first. why try to update graphics before adding dynamism to the game? the death animations have lost all impact and are just the same old garbage. there are so many ghosts each should have different types of animations... another case of tired devs and failed potential",325,3.7932394694381792,Aligned Negative,False,Negative,Negative
Phasmophobia,2026-06-10,Not Recommended,111.6 hrs on record,111.6,Veteran,1,0,0.52173912525177,0.0,True,False,False,True,False,False,False,PLEASE this is a bad update,Negative,Update Backlash,Update Complaint,"Negative review mainly criticizes recent updates, changes, or added animations/customization.",Aligned Negative,False,False,False,False,High,assistant_draft,,,6,,,,,,please this is a bad update,27,4.72384171570559,Aligned Negative,False,Negative,Negative
Phasmophobia,2026-06-09,Not Recommended,203.1 hrs on record,203.1,Veteran,2,0,0.5258620381355285,1.0,True,True,True,True,False,False,False,the last update really made this game feel like a scuffed knock off of itself the game weirdly looks worse along side running worse i ran mid to high settings for phas but this update those same settings would crash and freeze my pc phas was a great game but as of current update its just bad.,Negative,Update Backlash,Bug / Gameplay Degradation,"Negative review mainly criticizes recent updates, changes, or added animations/customization.",Aligned Negative,False,False,False,False,High,assistant_draft,,,57,,,,,,the last update really made this game feel like a scuffed knock off of itself the game weirdly looks worse along side running worse i ran mid to high settings for phas but this update those same settings would crash and freeze my pc phas was a great game but as of current update its just bad.,293,5.318610069815799,Aligned Negative,False,Negative,Negative
Phasmophobia,2026-06-13,Not Recommended,238.7 hrs on record,238.7,Veteran,1,0,0.5,0.0,True,False,True,False,True,False,False,"This game was super super fun. Not a fan AT ALL of the customization update so far. The animations are way worse now for everything, character models barely got more customization. Super fun game if you can ignore all the new changes they made. If they went back to what they used to have or fix this my rating would go wayyyy up.",Negative,Mourning,Update Backlash,Negative review expresses loss/nostalgia toward the older or previous state of the game.,Aligned Negative,False,False,False,False,High,assistant_draft,,,63,,,,,,"this game was super super fun. not a fan at all of the customization update so far. the animations are way worse now for everything, character models barely got more customization. super fun game if you can ignore all the new changes they made. if they went back to what they used to have or fix this my rating would go wayyyy up.",330,5.479388141440339,Aligned Negative,False,Negative,Negative
Phasmophobia,2026-06-11,Not Recommended,296.5 hrs on record,296.5,Veteran,0,0,0.4761904776096343,0.0,True,True,True,True,False,False,False,"I was reluctant to get this game to start with, I do not like scary stuff, but my sis convinced me to get it to play together and (even though it scared me) I really enjoyed playing! Then....update 0.17.0 happened..... Originally was SO excited because they had been promising character customization for YEARS! And it was a catastrophe....everything is broken, there's extra animation to do things(like pouring salt), the journal is zoomed out really far now, it just is not good. We are going to go try The Other Side or stick to Demonologist.",Negative,Update Backlash,Bug / Gameplay Degradation,"Negative review mainly criticizes recent updates, changes, or added animations/customization.",Aligned Negative,False,False,False,False,High,assistant_draft,,,94,,,,,,"i was reluctant to get this game to start with, i do not like scary stuff, but my sis convinced me to get it to play together and (even though it scared me) i really enjoyed playing! then....update 0.17.0 happened..... originally was so excited because they had been promising character customization for years! and it was a catastrophe....everything is broken, there's extra animation to do things(like pouring salt), the journal is zoomed out really far now, it just is not good. we are going to go try the other side or stick to demonologist.",545,5.695414224985685,Aligned Negative,False,Negative,Negative
Phasmophobia,2026-06-13,Not Recommended,32.6 hrs on record,32.6,Casual,1,0,0.5,0.0,True,True,False,False,False,False,False,"Dude this new update broke my mind. My computer can't even run the game anymore. I had to do a major update that was 3 gigs. no my game wont load, ctds all the time, and when i do get to play its full of stuttering and rubber banding.",Negative,Update Backlash,Bug / Gameplay Degradation,"Negative review mainly criticizes recent updates, changes, or added animations/customization.",Aligned Negative,False,False,False,False,High,assistant_draft,,,49,,,,,,"dude this new update broke my mind. my computer can't even run the game anymore. i had to do a major update that was 3 gigs. no my game wont load, ctds all the time, and when i do get to play its full of stuttering and rubber banding.",234,3.5145260669691587,Aligned Negative,False,Negative,Negative
Phasmophobia,2026-06-10,Not Recommended,31.0 hrs on record,31.0,Casual,1,0,0.5238095521926879,0.0,False,False,False,True,False,True,False,Ruined it,Negative,Genuine Negative,Low Information,Very short review; sentiment inferred mostly from the Steam recommendation label and limited text.,Aligned Negative,False,False,False,False,High,assistant_draft,,,2,,,,,,ruined it,9,3.4657359027997265,Aligned Negative,False,Negative,Negative
Phasmophobia,2026-06-12,Not Recommended,5.0 hrs on record,5.0,New,1,0,0.5,0.0,False,False,True,True,False,False,False,"If you want an example of a negative review for Phasmophobia, you could write something like: Phasmophobia has an interesting concept, but after a few hours the gameplay becomes repetitive. Most investigations feel very similar, and collecting evidence can turn into a slow routine rather than a tense horror experience. The ghost AI can sometimes feel inconsistent, making deaths seem unfair rather than scary. The voice recognition feature is a cool idea, but it doesn't always work reliably for every player. While the game is fun with friends, playing solo can feel tedious, and the amount of content may not justify the long grind for progression. Overall, it has some great moments, but it can become boring and frustrating over time. This is just an example opinion, not an objective assessment.",Negative,Genuine Negative,Low Confidence,"Review reads like a generic negative-review example, but the stated sentiment is negative.",Aligned Negative,False,False,False,False,Low,assistant_draft,,,131,,,,,,"if you want an example of a negative review for phasmophobia, you could write something like: phasmophobia has an interesting concept, but after a few hours the gameplay becomes repetitive. most investigations feel very similar, and collecting evidence can turn into a slow routine rather than a tense horror experience. the ghost ai can sometimes feel inconsistent, making deaths seem unfair rather than scary. the voice recognition feature is a cool idea, but it doesn't always work reliably for every player. while the game is fun with friends, playing solo can feel tedious, and the amount of content may not justify the long grind for progression. overall, it has some great moments, but it can become boring and frustrating over time. this is just an example opinion, not an objective assessment.",802,1.791759469228055,Aligned Negative,False,Negative,Negative
Phasmophobia,2026-06-13,Not Recommended,6.0 hrs on record,6.0,New,1,0,0.5161290168762207,0.0,False,True,True,True,False,False,False,"too lagy, too big, somehow always crashes, too slow. good game, but i have a bad pc",Mixed,Mixed Negative,Performance Issue,"Acknowledges the game is good, but gives Not Recommended due to lag/crashes on their PC.",Soft Mismatch: Not Recommended but Mixed Text,False,True,False,True,Medium,assistant_draft,,,17,,,,,,"too lagy, too big, somehow always crashes, too slow. good game, but i have a bad pc",83,1.9459101490553132,Soft Mismatch: Not Recommended but Mixed Text,True,,Mixed
Phasmophobia,2026-06-13,Not Recommended,180.2 hrs on record,180.2,Veteran,1,0,0.5238095521926879,0.0,True,True,True,False,False,False,False,"Was fun at first but honestly got worse overtime, It feels like the developers are just holding the game hostage from the potential it once had. They went with a ductape/playful UI theme over a cool fanmade creepy themed concept UI posted on reddit a long time ago. They went with limited time events/twitch drops over spending more time on meaningful content updates. They went for a console release to delay every meaningful update rather than to finish the game first. Shipped low quality updates with a literal Star Wars text intro amount of bugs to just to meet a collab deadline. Mind you this game has been in early access for years and has earned millions, there is simply no excuse at this point lol",Negative,Mourning,Update Backlash; Bug / Gameplay Degradation; Developer Criticism,Negative review expresses loss/nostalgia toward the older or previous state of the game.,Aligned Negative,False,False,False,False,High,assistant_draft,,,126,,,,,,"was fun at first but honestly got worse overtime, it feels like the developers are just holding the game hostage from the potential it once had. they went with a ductape/playful ui theme over a cool fanmade creepy themed concept ui posted on reddit a long time ago. they went with limited time events/twitch drops over spending more time on meaningful content updates. they went for a console release to delay every meaningful update rather than to finish the game first. shipped low quality updates with a literal star wars text intro amount of bugs to just to meet a collab deadline. mind you this game has been in early access for years and has earned millions, there is simply no excuse at this point lol",708,5.199601393608879,Aligned Negative,False,Negative,Negative
Phasmophobia,2026-06-10,Not Recommended,616.2 hrs on record,616.2,Hardcore,2,1,0.5454545617103576,0.0,True,False,True,False,False,False,False,"Played for years and it was a nice chill horror game to play with friends The latest update rolls around, and with it came animations with every single interaction, all of which slows down the game dramatically. The quick responsiveness of interactions with things like smudge sticks are a thing of the past with this new update. Now you have to wait a few seconds for everything, and in the heat of the moment against a ghost, those few seconds might as well be a few years. They also added character customization, but only in name. The items that the give you in the way of shirts, hairstyles, and so many other options that you would expect in a character creator are surprisingly limited. Think a max of 3 or 4 outfits regardless of how far you've made it into the game. I won't even get into the character models. This game still has a lot of the charm that made me fall in love with it back in 2021, but this update removed a large portion of that charm, and I honestly cannot recommend anyone spend their money on the game in its current state",Negative,Update Backlash,Bug / Gameplay Degradation,"Negative review mainly criticizes recent updates, changes, or added animations/customization.",Aligned Negative,False,False,False,False,High,assistant_draft,,,196,,,,,,"played for years and it was a nice chill horror game to play with friends the latest update rolls around, and with it came animations with every single interaction, all of which slows down the game dramatically. the quick responsiveness of interactions with things like smudge sticks are a thing of the past with this new update. now you have to wait a few seconds for everything, and in the heat of the moment against a ghost, those few seconds might as well be a few years. they also added character customization, but only in name. the items that the give you in the way of shirts, hairstyles, and so many other options that you would expect in a character creator are surprisingly limited. think a max of 3 or 4 outfits regardless of how far you've made it into the game. i won't even get into the character models. this game still has a lot of the charm that made me fall in love with it back in 2021, but this update removed a large portion of that charm, and i honestly cannot recommend anyone spend their money on the game in its current state",1051,6.425193120489006,Aligned Negative,False,Negative,Negative
Phasmophobia,2026-06-09,Not Recommended,236.5 hrs on record,236.5,Veteran,0,0,0.5,0.0,False,True,True,False,True,False,False,I used to really love this game but now it's borderline unplayable.,Negative,Mourning,Bug / Gameplay Degradation,Negative review expresses loss/nostalgia toward the older or previous state of the game.,Aligned Negative,False,False,False,False,High,assistant_draft,,,12,,,,,,i used to really love this game but now it's borderline unplayable.,67,5.470167623474696,Aligned Negative,False,Negative,Negative
Phasmophobia,2026-06-09,Not Recommended,74.5 hrs on record,74.5,Regular,8,0,0.5942458510398864,0.0,True,False,False,True,False,False,False,"how does this game feel less polished than it did 3 years ago? the animations are awful, the controls are somehow worse, and the equipment is ♥♥♥♥. what the ♥♥♥♥ happened?",Negative,Update Backlash,Update Complaint,"Negative review mainly criticizes recent updates, changes, or added animations/customization.",Aligned Negative,False,False,False,False,High,assistant_draft,,,31,,,,,,"how does this game feel less polished than it did 3 years ago? the animations are awful, the controls are somehow worse, and the equipment is ♥♥♥♥. what the ♥♥♥♥ happened?",171,4.324132656254979,Aligned Negative,False,Negative,Negative
Phasmophobia,2026-06-12,Not Recommended,377.7 hrs on record,377.7,Hardcore,2,0,0.5098039507865905,0.0,True,False,True,False,False,False,False,"The last like 2.5 years worth of events and updates have been severely underwhelming. First actual new map we get in a long time is a tiny diner map smaller than a lot of the neighborhood maps. Maps that don't really need reworks getting them before maps that desperately need them such as the high school, prison, or point hope lighthouse. Customization finally comes after YEARS of it being wanted and it is very lack luster and underwhelming to the point of it being possibly the biggest L the game has ever taken and ever given to the community. I don't know anymore. It really seems like they just don't care.",Negative,Update Backlash,Update Complaint,"Negative review mainly criticizes recent updates, changes, or added animations/customization.",Aligned Negative,False,False,False,False,High,assistant_draft,,,111,,,,,,"the last like 2.5 years worth of events and updates have been severely underwhelming. first actual new map we get in a long time is a tiny diner map smaller than a lot of the neighborhood maps. maps that don't really need reworks getting them before maps that desperately need them such as the high school, prison, or point hope lighthouse. customization finally comes after years of it being wanted and it is very lack luster and underwhelming to the point of it being possibly the biggest l the game has ever taken and ever given to the community. i don't know anymore. it really seems like they just don't care.",614,5.9367443349077496,Aligned Negative,False,Negative,Negative
Phasmophobia,2026-06-10,Not Recommended,170.3 hrs on record,170.3,Veteran,2,0,0.485612004995346,0.0,True,False,False,False,False,False,False,This is like when Todd Howard promised a polished fallout 76 at Gamecon 2018 and then he just didn't do it because he is the absoloute worse. Lucky for him Kinetic games is now worse I would rather play Raft at least its playable. I give this pre-update 1 Tom out of Jerry and I give after update 1 danny devito out of 10000 godfather part 2,Negative,Update Backlash,Developer Criticism,"Negative review mainly criticizes recent updates, changes, or added animations/customization.",Aligned Negative,False,False,False,False,High,assistant_draft,,,67,,,,,,this is like when todd howard promised a polished fallout 76 at gamecon 2018 and then he just didn't do it because he is the absoloute worse. lucky for him kinetic games is now worse i would rather play raft at least its playable. i give this pre-update 1 tom out of jerry and i give after update 1 danny devito out of 10000 godfather part 2,341,5.143416405330075,Aligned Negative,False,Negative,Negative
Phasmophobia,2026-06-12,Not Recommended,465.0 hrs on record,465.0,Hardcore,4,2,0.5473250746726989,0.0,True,False,True,True,True,False,False,Can honestly say that since the character update. The game has gone downhill. I use to love playing this game every day with my friend and now it's just whenever we feel like playing it now. When events start and end. Kinetic doesn't remove all the event effects and details. You can see visuals still from previous events. Took them awhile just to get rid of the Easter visuals just before the Alan wake event and event that one was just bland and boring with no lobby trophy for completing it. When you hold a flashlight in the other hand you just look stupid holding it with the bone breaking physics. Why get rid of the shoulder light when having a flashlight in your inventory? Makes absolutely no sense to be holding it arm completely extended forward and in your view. Spirit box doesn't pick up your microphone that well now. Prior to character update. It always picked up my voice. After the update it hardly picks it up to the point I am yelling or having to turn my gain all the way up. Fix your game kinetic.,Negative,Mourning,Update Backlash; Developer Criticism,Negative review expresses loss/nostalgia toward the older or previous state of the game.,Aligned Negative,False,False,False,False,High,assistant_draft,,,189,,,,,,can honestly say that since the character update. the game has gone downhill. i use to love playing this game every day with my friend and now it's just whenever we feel like playing it now. when events start and end. kinetic doesn't remove all the event effects and details. you can see visuals still from previous events. took them awhile just to get rid of the easter visuals just before the alan wake event and event that one was just bland and boring with no lobby trophy for completing it. when you hold a flashlight in the other hand you just look stupid holding it with the bone breaking physics. why get rid of the shoulder light when having a flashlight in your inventory? makes absolutely no sense to be holding it arm completely extended forward and in your view. spirit box doesn't pick up your microphone that well now. prior to character update. it always picked up my voice. after the update it hardly picks it up to the point i am yelling or having to turn my gain all the way up. fix your game kinetic.,1020,6.144185634125646,Aligned Negative,False,Negative,Negative
Phasmophobia,2026-06-09,Not Recommended,248.3 hrs on record,248.3,Veteran,0,0,0.5,1.0,True,True,True,True,True,False,False,"I can no longer recommend this game. It was hard to before, but there was a point in time where I played it almost daily with my friend and any time it would break or have issues we would just kind of laugh and say ""well it's in early access,"" even if the issues ruined our games. However in its current state Phasmophobia is basically unplayable. It seems every time the game is updated it's shipped out in a worse and worse state, with unpolished content the community has been waiting years for. I literally just can't defend a game I can't even play.",Negative,Mourning,Update Backlash; Bug / Gameplay Degradation; Developer Criticism,Negative review expresses loss/nostalgia toward the older or previous state of the game.,Aligned Negative,False,False,False,False,High,assistant_draft,,,104,,,,,,"i can no longer recommend this game. it was hard to before, but there was a point in time where i played it almost daily with my friend and any time it would break or have issues we would just kind of laugh and say ""well it's in early access,"" even if the issues ruined our games. however in its current state phasmophobia is basically unplayable. it seems every time the game is updated it's shipped out in a worse and worse state, with unpolished content the community has been waiting years for. i literally just can't defend a game i can't even play.",554,5.518656990529513,Aligned Negative,False,Negative,Negative
Phasmophobia,2026-06-11,Not Recommended,28.6 hrs on record,28.6,Casual,5,0,0.5354852080345153,0.0,True,True,True,True,True,False,False,"This game really use to be great. There's a reason why I keep coming back to play it. However, the last few updates have really ruined the game. From broken models to trash immersion features. In all honesty, the game just looks terrible now. If you hold something in your character's hand and get close to your friend's face your arm suddenly looks smaller than their head. Do they just add things and expect them to work or look good? Whatever passion or care the devs put into the game has vanished. It feels like the devs don't even care about this game anymore. There are some aspects of the game that still feel the same. However, I feel like it's getting harder to recommend this game to my other friends. If the devs continue on this route, I may just stop playing.",Negative,Mourning,Update Backlash; Bug / Gameplay Degradation; Developer Criticism,Negative review expresses loss/nostalgia toward the older or previous state of the game.,Aligned Negative,False,False,False,False,High,assistant_draft,,,143,,,,,,"this game really use to be great. there's a reason why i keep coming back to play it. however, the last few updates have really ruined the game. from broken models to trash immersion features. in all honesty, the game just looks terrible now. if you hold something in your character's hand and get close to your friend's face your arm suddenly looks smaller than their head. do they just add things and expect them to work or look good? whatever passion or care the devs put into the game has vanished. it feels like the devs don't even care about this game anymore. there are some aspects of the game that still feel the same. however, i feel like it's getting harder to recommend this game to my other friends. if the devs continue on this route, i may just stop playing.",773,3.3877743613300146,Aligned Negative,False,Negative,Negative
Phasmophobia,2026-06-09,Not Recommended,131.8 hrs on record,131.8,Veteran,1,0,0.5,0.0,True,True,True,True,False,False,False,"The early access label is an excuse for a janky game that is constantly getting updates no one asked for. They change what little good the game has, but never change any of the bad, like the giant maps that’re empty. Once playable maps, are now a damn lag simulator, and I don’t even play on that low end of a PC. This game has made about $260 million dollars, yet the studio seems to genuinely mainly care about overpriced merch. The updates are so few and far between, and when they do come, they’re lackluster or worse, do more harm than good by adding bad content and bugs. The dev team for some reason seem to have a bad relationship with the community, and I cannot for the life of me think of any reason why. The reason you guys are STANDING as a team and company is because of fans, but you shut us down and dismiss us, and discourage anything that goes outside of the narrative you guys so desperately want. They’re strongly against mods for the weirdest reason, I mean what the hell man, you would get even more plays and diversity in the game if you allowed or encouraged it. This game was fun and interesting at one point. It was janky, but more so in a lovable way, where you could tell it was a little rough, but made with love. But recently, with all the unnecessary changes, the way the dev team acts towards us, and the way the game is handled as a whole, the past 2 or so years leaves such a bad taste in my mouth, and the game feels more like a chore now than anything. 4/10 for me",Negative,Mourning,Update Backlash; Bug / Gameplay Degradation; Developer Criticism,Negative review expresses loss/nostalgia toward the older or previous state of the game.,Aligned Negative,False,False,False,False,High,assistant_draft,,,290,,,,,,"the early access label is an excuse for a janky game that is constantly getting updates no one asked for. they change what little good the game has, but never change any of the bad, like the giant maps that’re empty. once playable maps, are now a damn lag simulator, and i don’t even play on that low end of a pc. this game has made about $260 million dollars, yet the studio seems to genuinely mainly care about overpriced merch. the updates are so few and far between, and when they do come, they’re lackluster or worse, do more harm than good by adding bad content and bugs. the dev team for some reason seem to have a bad relationship with the community, and i cannot for the life of me think of any reason why. the reason you guys are standing as a team and company is because of fans, but you shut us down and dismiss us, and discourage anything that goes outside of the narrative you guys so desperately want. they’re strongly against mods for the weirdest reason, i mean what the hell man, you would get even more plays and diversity in the game if you allowed or encouraged it. this game was fun and interesting at one point. it was janky, but more so in a lovable way, where you could tell it was a little rough, but made with love. but recently, with all the unnecessary changes, the way the dev team acts towards us, and the way the game is handled as a whole, the past 2 or so years leaves such a bad taste in my mouth, and the game feels more like a chore now than anything. 4/10 for me",1500,4.888844237042334,Aligned Negative,False,Negative,Negative
Phasmophobia,2026-06-12,Not Recommended,652.9 hrs on record,652.9,Hardcore,0,0,0.5,0.0,True,False,True,True,False,False,False,"I still have not let Steam update Phasmo to the latest horrible Alan Wake mess, that's why I think it's still good.",Mixed,Mixed Negative,Update Backlash,"Still thinks the older/non-updated version is good, but rejects the latest update.",Soft Mismatch: Not Recommended but Mixed Text,False,True,False,True,Medium,assistant_draft,,,22,,,,,,"i still have not let steam update phasmo to the latest horrible alan wake mess, that's why i think it's still good.",115,6.4829544345672305,Soft Mismatch: Not Recommended but Mixed Text,True,,Mixed
Phasmophobia,2026-06-11,Not Recommended,160.6 hrs on record,160.6,Veteran,1,0,0.5098039507865905,0.0,False,True,True,False,False,False,False,"The game itself is super cool and easily worth playing... ...after they fix all of the blatant bugs they've more recently introduced into the game. I'll correct my review to ""recommended"" if they fix their plethora of bugs to ""consistently playable"".",Mixed,Mixed Negative,Bug Complaint,"Says the game is worth playing, but only after major bugs are fixed.",Soft Mismatch: Not Recommended but Mixed Text,False,True,False,True,Medium,assistant_draft,,,41,,,,,,"the game itself is super cool and easily worth playing... ...after they fix all of the blatant bugs they've more recently introduced into the game. i'll correct my review to ""recommended"" if they fix their plethora of bugs to ""consistently playable"".",250,5.085124146086995,Soft Mismatch: Not Recommended but Mixed Text,True,,Mixed
Phasmophobia,2026-06-10,Not Recommended,9.8 hrs on record,9.8,New,0,0,0.4782608747482299,0.0,False,False,True,True,True,False,False,"They Ruined the game, it was only good in the days when the game first came out",Negative,Mourning,Negative Nostalgia,Negative review expresses loss/nostalgia toward the older or previous state of the game.,Aligned Negative,False,False,False,False,High,assistant_draft,,,17,,,,,,"they ruined the game, it was only good in the days when the game first came out",79,2.379546134130174,Aligned Negative,False,Negative,Negative
Phasmophobia,2026-06-12,Not Recommended,147.9 hrs on record,147.9,Veteran,3,0,0.52173912525177,0.0,True,True,True,False,False,False,False,"I've had some great times with this game but it seems that there are more bugs than ever in this game. I've most notably had consistent issues with incense or smudge sticks just not working at all. The new ""immersive animations"" make this game feel a lot clunkier, slower, and overall just less responsive to input than ever before. I missed when this game was just a simple and fun game to come to when you just wanted to have fun, but the decisions in what to implement into this game have led this game off a cliff.",Negative,Update Backlash,Bug / Gameplay Degradation,"Negative review mainly criticizes recent updates, changes, or added animations/customization.",Aligned Negative,False,False,False,False,High,assistant_draft,,,98,,,,,,"i've had some great times with this game but it seems that there are more bugs than ever in this game. i've most notably had consistent issues with incense or smudge sticks just not working at all. the new ""immersive animations"" make this game feel a lot clunkier, slower, and overall just less responsive to input than ever before. i missed when this game was just a simple and fun game to come to when you just wanted to have fun, but the decisions in what to implement into this game have led this game off a cliff.",518,5.003274939689963,Aligned Negative,False,Negative,Negative
Phasmophobia,2026-06-13,Not Recommended,12.8 hrs on record,12.8,Casual,0,0,0.4761904776096343,0.0,False,False,True,True,False,False,False,boring ass game but its funny to hear my friends cry in fear,Mixed,Mixed Negative,Meme / Joke Review,Calls the game boring but notes it is funny with friends.,Soft Mismatch: Not Recommended but Mixed Text,False,True,False,True,Medium,assistant_draft,,,13,,,,,,boring ass game but its funny to hear my friends cry in fear,60,2.624668592163159,Soft Mismatch: Not Recommended but Mixed Text,True,,Mixed
Phasmophobia,2026-06-11,Not Recommended,61.0 hrs on record,61.0,Regular,2,0,0.5098039507865905,0.0,True,True,False,True,True,False,False,"update ruined the game, completely unplayable",Negative,Mourning,Update Backlash; Bug / Gameplay Degradation,Negative review expresses loss/nostalgia toward the older or previous state of the game.,Aligned Negative,False,False,False,False,High,assistant_draft,,,6,,,,,,"update ruined the game, completely unplayable",45,4.127134385045092,Aligned Negative,False,Negative,Negative
Phasmophobia,2026-06-12,Not Recommended,196.8 hrs on record,196.8,Veteran,3,0,0.532710313796997,0.0,True,True,True,True,False,False,False,"this game should've taken place in a jungle, to reflect just how many bugs the game currently has. the player animations disaster was bad enough already, having to deal with the unholy amount of bugs that came with the update is just too much. so, don't buy this game unless you're willing to put up with ""unintended behaviors"" honestly, it would be very nice if they allowed us to play a version of the game before this update. or, even better but hella unlikely, modding/workshop support. to me, phasmo is a puzzle game, figuring out the ghost on 1 or no evidence is very fun. hate to leave a negative review on this game, but for now, use that money to buy monster hunter or something. valv- kinetic games, pls fix.",Negative,Update Backlash,Bug / Gameplay Degradation; Developer Criticism,"Negative review mainly criticizes recent updates, changes, or added animations/customization.",Aligned Negative,False,False,False,False,High,assistant_draft,,,131,,,,,,"this game should've taken place in a jungle, to reflect just how many bugs the game currently has. the player animations disaster was bad enough already, having to deal with the unholy amount of bugs that came with the update is just too much. so, don't buy this game unless you're willing to put up with ""unintended behaviors"" honestly, it would be very nice if they allowed us to play a version of the game before this update. or, even better but hella unlikely, modding/workshop support. to me, phasmo is a puzzle game, figuring out the ghost on 1 or no evidence is very fun. hate to leave a negative review on this game, but for now, use that money to buy monster hunter or something. valv- kinetic games, pls fix.",718,5.287256419188612,Aligned Negative,False,Negative,Negative
Phasmophobia,2026-06-13,Not Recommended,356.2 hrs on record,356.2,Hardcore,2,0,0.5454545617103576,0.0,True,False,True,True,False,False,False,"The new update has ruined this game for me. Equipment is hard to read and the voicebox doesn't seem to work half the time. The characters were charmingly silly in their movements, now they look really creepy. I have enjoyed most of the events in the game and additions/updates but this most recent one has caused me to stop playing altogether.",Negative,Update Backlash,Update Complaint,"Negative review mainly criticizes recent updates, changes, or added animations/customization.",Aligned Negative,False,False,False,False,High,assistant_draft,,,61,,,,,,"the new update has ruined this game for me. equipment is hard to read and the voicebox doesn't seem to work half the time. the characters were charmingly silly in their movements, now they look really creepy. i have enjoyed most of the events in the game and additions/updates but this most recent one has caused me to stop playing altogether.",343,5.878295849002344,Aligned Negative,False,Negative,Negative
Phasmophobia,2026-06-12,Not Recommended,38.5 hrs on record,38.5,Casual,1,1,0.5,0.0,True,True,False,True,True,False,False,"This new update is terrible, makes me miss the old Phasmo from 2021. UI is overbearing, Characters are ugly now, and alot of core features are broken.",Negative,Mourning,Update Backlash; Bug / Gameplay Degradation,Negative review expresses loss/nostalgia toward the older or previous state of the game.,Aligned Negative,False,False,False,False,High,assistant_draft,,,27,,,,,,"this new update is terrible, makes me miss the old phasmo from 2021. ui is overbearing, characters are ugly now, and alot of core features are broken.",150,3.676300671907076,Aligned Negative,False,Negative,Negative
Phasmophobia,2026-06-10,Not Recommended,53.2 hrs on record,53.2,Regular,4,0,0.5495495200157166,0.0,True,True,True,True,False,False,False,"There is a good game here, sadly buried under a pile of decisions that come close to being as bad as the recent decisions of arrowhead with helldivers 2. The devs dont listen to the community at all and deny any valid feedback, even that of their own testers. Maps that actually need reworking get left to rot while maps that already get played a lot get the rework for some reason. New character customization update that was supposed to ""make things more realistic"" made it argueably less realistic and more buggy. I'll change the review once that changes, I really, REALLY hope it does",Negative,Update Backlash,Bug / Gameplay Degradation; Developer Criticism,"Negative review mainly criticizes recent updates, changes, or added animations/customization.",Aligned Negative,False,False,False,False,High,assistant_draft,,,105,,,,,,"there is a good game here, sadly buried under a pile of decisions that come close to being as bad as the recent decisions of arrowhead with helldivers 2. the devs dont listen to the community at all and deny any valid feedback, even that of their own testers. maps that actually need reworking get left to rot while maps that already get played a lot get the rework for some reason. new character customization update that was supposed to ""make things more realistic"" made it argueably less realistic and more buggy. i'll change the review once that changes, i really, really hope it does",588,3.9926809084456005,Aligned Negative,False,Negative,Negative
Phasmophobia,2026-06-12,Not Recommended,283.4 hrs on record,283.4,Veteran,2,0,0.5098039507865905,0.0,False,True,True,False,True,False,False,"Used to be a fun game to play. It turned into an unplayable, buggy feeling and looking game. The new overhaul of the maps and movement are janky at best. The new, revamped maps. They aren't my cup of tea. Please bring back a legacy version of the game.",Negative,Mourning,Bug / Gameplay Degradation,Negative review expresses loss/nostalgia toward the older or previous state of the game.,Aligned Negative,False,False,False,False,High,assistant_draft,,,49,,,,,,"used to be a fun game to play. it turned into an unplayable, buggy feeling and looking game. the new overhaul of the maps and movement are janky at best. the new, revamped maps. they aren't my cup of tea. please bring back a legacy version of the game.",252,5.6503816979290855,Aligned Negative,False,Negative,Negative
Phasmophobia,2026-06-13,Not Recommended,63.6 hrs on record,63.6,Regular,2,0,0.5238095521926879,0.0,True,False,False,False,False,False,False,Wtf happened to this game? On release this had the most simple but effective UI. It has gotten worse with every update since then. WTF is this 2 handed thing?? The equipment manager is not intuitive at all. Did this dev start vibe coding or what? Why change systems that noone complained about??,Negative,Update Backlash,Developer Criticism,"Negative review mainly criticizes recent updates, changes, or added animations/customization.",Aligned Negative,False,False,False,False,High,assistant_draft,,,53,,,,,,wtf happened to this game? on release this had the most simple but effective ui. it has gotten worse with every update since then. wtf is this 2 handed thing?? the equipment manager is not intuitive at all. did this dev start vibe coding or what? why change systems that noone complained about??,295,4.168214410788556,Aligned Negative,False,Negative,Negative
Phasmophobia,2026-06-10,Not Recommended,206.6 hrs on record,206.6,Veteran,3,0,0.5435684919357299,0.0,True,False,True,True,False,False,False,This game use to be really fun but the latest update with player customization and animations has just killed the game for me and im going to uninstall it and im not the only one all my friends hate it and we do not enjoy playing anymore. i understand what they were trying to do but they runied it and the customization is so trash. You need to buy everything and even then all the options are trash. Also the fact it is still in early access is just crazy to me its just like 7 days to die. a legit joke,Negative,Mourning,Update Backlash; Developer Criticism,Negative review expresses loss/nostalgia toward the older or previous state of the game.,Aligned Negative,False,False,False,False,High,assistant_draft,,,102,,,,,,this game use to be really fun but the latest update with player customization and animations has just killed the game for me and im going to uninstall it and im not the only one all my friends hate it and we do not enjoy playing anymore. i understand what they were trying to do but they runied it and the customization is so trash. you need to buy everything and even then all the options are trash. also the fact it is still in early access is just crazy to me its just like 7 days to die. a legit joke,505,5.335613151291733,Aligned Negative,False,Negative,Negative
Phasmophobia,2026-06-11,Not Recommended,159.8 hrs on record,159.8,Veteran,4,0,0.532710313796997,0.0,True,True,True,False,False,False,False,"loved it, then they removed the good characters and left us with blocky ones and animations no one asked for that made the game laggy. Would be a great game if they slowed down on making assets just their own. Its not working out right now",Negative,Update Backlash,Bug / Gameplay Degradation,"Negative review mainly criticizes recent updates, changes, or added animations/customization.",Aligned Negative,False,False,False,False,High,assistant_draft,,,46,,,,,,"loved it, then they removed the good characters and left us with blocky ones and animations no one asked for that made the game laggy. would be a great game if they slowed down on making assets just their own. its not working out right now",239,5.080161356744866,Aligned Negative,False,Negative,Negative
Phasmophobia,2026-06-11,Recommended,61.0 hrs on record,61.0,Regular,0,0,0.5,0.0,True,False,True,False,False,False,True,Very Good! Could use some animation fixes and also a few more unique scary ghost interactions,Mixed,Mixed Positive,Positive with Minor Complaint,Positive review with minor animation and interaction improvement requests.,Soft Mismatch: Recommended but Mixed Text,False,True,False,True,Medium,assistant_draft,,,16,,,,,,very good! could use some animation fixes and also a few more unique scary ghost interactions,93,4.127134385045092,Soft Mismatch: Recommended but Mixed Text,True,,Mixed
Phasmophobia,2026-06-11,Recommended,36.4 hrs on record,36.4,Casual,0,0,0.5,0.0,False,True,False,False,False,False,True,saw friend bug out of hiding spot ghost caught him his body flew away 10/10 would fly again,Neutral/Unclear,Meme / Joke Review,Bug Anecdote,Positive label but review is mainly a funny bug anecdote.,Ambiguous / Low Information,False,False,True,True,Low,assistant_draft,,,18,,,,,,saw friend bug out of hiding spot ghost caught him his body flew away 10/10 would fly again,91,3.6216707044204863,Ambiguous / Low Information,True,,Neutral/Unclear
Phasmophobia,2026-06-12,Recommended,48.5 hrs on record,48.5,Casual,0,0,0.5,0.0,True,False,False,False,False,False,True,"Still slaps to this day,yes some customization sucks but remember you play this for the plot so stick to that and you will be satisfied with your purchase. Also works with low spec PC's pretty surprisingly aswell,not incredibly optimized but exceptionally done so far.",Mixed,Mixed Positive,Positive with Minor Complaint,Still recommends the game while acknowledging customization issues.,Soft Mismatch: Recommended but Mixed Text,False,True,False,True,Medium,assistant_draft,,,44,,,,,,"still slaps to this day,yes some customization sucks but remember you play this for the plot so stick to that and you will be satisfied with your purchase. also works with low spec pc's pretty surprisingly aswell,not incredibly optimized but exceptionally done so far.",268,3.901972669574645,Soft Mismatch: Recommended but Mixed Text,True,,Mixed
Phasmophobia,2026-06-10,Recommended,203.1 hrs on record,203.1,Veteran,0,0,0.5,0.0,False,True,True,False,False,False,True,"very buggy but ngl that's one reason why i love this game. it's very addicting. its fun to do the research and learn new was to play this game. it is scary at first and to be honest I still jumped scared. but it is very fun if you enjoy puzzle horror game, I recommend it alot.",Mixed,Mixed Positive,Bug Complaint,"Buggy experience is mentioned, but overall tone remains positive and recommending.",Soft Mismatch: Recommended but Mixed Text,False,True,False,True,Medium,assistant_draft,,,57,,,,,,"very buggy but ngl that's one reason why i love this game. it's very addicting. its fun to do the research and learn new was to play this game. it is scary at first and to be honest i still jumped scared. but it is very fun if you enjoy puzzle horror game, i recommend it alot.",277,5.318610069815799,Soft Mismatch: Recommended but Mixed Text,True,,Mixed
Phasmophobia,2026-06-11,Recommended,32.0 hrs on record,32.0,Casual,0,0,0.5,0.0,False,True,True,False,False,False,True,I love this game I have been playing with my auntie and father and that makes it fun. but sometimes its very buggy but the moments are funny,Mixed,Mixed Positive,Bug Complaint,Positive family/friends experience despite bugs.,Soft Mismatch: Recommended but Mixed Text,False,True,False,True,Medium,assistant_draft,,,28,,,,,,i love this game i have been playing with my auntie and father and that makes it fun. but sometimes its very buggy but the moments are funny,140,3.4965075614664802,Soft Mismatch: Recommended but Mixed Text,True,,Mixed
Phasmophobia,2026-06-11,Recommended,70.9 hrs on record,70.9,Regular,0,0,0.5,0.0,True,False,True,False,False,False,True,"I have played Phasmophobia for years and I cannot believe I haven't wrote a review about it yet. This game is the game my sister and I always come back to when we want to play a game together with our friend. She lives in Europe and I am in the US so this is how we get to connect when we feel like we need some good sister time in. Despite playing this for about 5 years now, it doesn't feel repetitive to me at all. It's always a good time. We get some good laughs in while playing (of course the bulk of the humor is because I tend to get hunted ALL THE TIME). I have been enjoying watching this game expand and update. This game has been great since the start and I will always keep coming back for more. I can't wait to keep watching this game grow and update. It's a spooky good time. 10/10",Mixed,Mixed Positive,Update Complaint; Feature Request,"Overall positive/recommending tone, but the text includes complaints or caveats.",Soft Mismatch: Recommended but Mixed Text,False,True,False,True,Medium,assistant_draft,,,161,,,,,,"i have played phasmophobia for years and i cannot believe i haven't wrote a review about it yet. this game is the game my sister and i always come back to when we want to play a game together with our friend. she lives in europe and i am in the us so this is how we get to connect when we feel like we need some good sister time in. despite playing this for about 5 years now, it doesn't feel repetitive to me at all. it's always a good time. we get some good laughs in while playing (of course the bulk of the humor is because i tend to get hunted all the time). i have been enjoying watching this game expand and update. this game has been great since the start and i will always keep coming back for more. i can't wait to keep watching this game grow and update. it's a spooky good time. 10/10",796,4.275276264727001,Soft Mismatch: Recommended but Mixed Text,True,,Mixed
Phasmophobia,2026-06-11,Recommended,21.2 hrs on record,21.2,Casual,0,0,0.5,0.0,False,True,True,False,False,False,True,Really good I spent 50 mins on restricted Sunny Medows just for the Dayan to be bugged and not hunt a single time. W game 10/10 would recommend.,Mixed,Mixed Positive,Bug Anecdote,Recommends the game while describing a bug as part of the fun.,Soft Mismatch: Recommended but Mixed Text,False,True,False,True,Medium,assistant_draft,,,28,,,,,,really good i spent 50 mins on restricted sunny medows just for the dayan to be bugged and not hunt a single time. w game 10/10 would recommend.,144,3.100092288878234,Soft Mismatch: Recommended but Mixed Text,True,,Mixed
Phasmophobia,2026-06-13,Recommended,800.7 hrs on record,800.7,Hardcore,0,0,0.5,0.0,True,True,True,False,False,False,True,"Quite good and engaging. It has become a weekly ritual to hang out with friends and seek some spooks. Such a fun premise, and I quite enjoy the new update. Some charming bugs, but usually nothing game breaking. I really am looking forward to what comes next.",Mixed,Mixed Positive,Positive with Minor Complaint,Positive overall; bugs are framed as charming and not game-breaking.,Soft Mismatch: Recommended but Mixed Text,False,True,False,True,Medium,assistant_draft,,,47,,,,,,"quite good and engaging. it has become a weekly ritual to hang out with friends and seek some spooks. such a fun premise, and i quite enjoy the new update. some charming bugs, but usually nothing game breaking. i really am looking forward to what comes next.",258,6.686734473048906,Soft Mismatch: Recommended but Mixed Text,True,,Mixed
Phasmophobia,2026-06-13,Recommended,18.5 hrs on record,18.5,Casual,0,0,0.5,0.0,True,False,True,True,False,False,True,good game. but i don't like the controls for keyboard and mouse nor for controller and the Alan wake update ruined VR in a worse way by making my body fold in game making it impossible to reach my belt anymore.,Mixed,Mixed Negative,Recommendation Mismatch Candidate,"Recommended label, but text says controls are disliked and update ruined VR.",Soft Mismatch: Recommended but Mixed Text,False,True,False,True,Medium,assistant_draft,,,41,,,,,,good game. but i don't like the controls for keyboard and mouse nor for controller and the alan wake update ruined vr in a worse way by making my body fold in game making it impossible to reach my belt anymore.,210,2.970414465569701,Soft Mismatch: Recommended but Mixed Text,True,,Mixed
Phasmophobia,2026-06-10,Recommended,14.0 hrs on record,14.0,Casual,1,0,0.5,0.0,True,True,True,False,False,False,True,"great game, loved it for a while, the update is buggy but i have faith in the devs to fix it",Mixed,Mixed Positive,Positive with Minor Complaint,Loved the game and trusts devs despite buggy update.,Soft Mismatch: Recommended but Mixed Text,False,True,False,True,Medium,assistant_draft,,,21,,,,,,"great game, loved it for a while, the update is buggy but i have faith in the devs to fix it",92,2.70805020110221,Soft Mismatch: Recommended but Mixed Text,True,,Mixed
Phasmophobia,2026-06-11,Recommended,83.3 hrs on record,83.3,Regular,0,0,0.5,0.0,False,True,True,False,False,False,True,love the game just a few bugs that hopefully will be fixed soon equipment falling through the floor when a team mate drops it when switching equipment sometimes gets stuck down by your side,Mixed,Mixed Positive,Bug Complaint,Loves the game but lists bugs that need fixing.,Soft Mismatch: Recommended but Mixed Text,False,True,False,True,Medium,assistant_draft,,,34,,,,,,love the game just a few bugs that hopefully will be fixed soon equipment falling through the floor when a team mate drops it when switching equipment sometimes gets stuck down by your side,189,4.4343818650078095,Soft Mismatch: Recommended but Mixed Text,True,,Mixed
Phasmophobia,2026-06-13,Recommended,23.6 hrs on record,23.6,Casual,0,0,0.5,0.0,False,False,True,True,False,False,True,Not good at the game = I think the game is bad,Neutral/Unclear,Meme / Joke Review,Community Defense,Sarcastic/community-defense style statement; clear personal sentiment is limited.,Ambiguous / Low Information,False,False,True,True,Low,assistant_draft,,,12,,,,,,not good at the game = i think the game is bad,46,3.202746442938317,Ambiguous / Low Information,True,,Neutral/Unclear
Phasmophobia,2026-06-10,Recommended,15.0 hrs on record,15.0,Casual,0,0,0.5,0.0,False,True,True,True,False,False,True,best co-op horror game i have been ever seen to play with friends but this game contains many glitches and bugs that makes users experience a little bit bad and i hope they will fix the bugs and glitches,Mixed,Mixed Positive,Bug Complaint,Strongly positive overall but bugs/glitches harm experience.,Soft Mismatch: Recommended but Mixed Text,False,True,False,True,Medium,assistant_draft,,,39,,,,,,best co-op horror game i have been ever seen to play with friends but this game contains many glitches and bugs that makes users experience a little bit bad and i hope they will fix the bugs and glitches,203,2.772588722239781,Soft Mismatch: Recommended but Mixed Text,True,,Mixed
Phasmophobia,2026-06-12,Recommended,39.1 hrs on record,39.1,Casual,0,0,0.5,0.0,False,True,True,False,False,False,True,The game is fun just a bit buggy but still pretty good.,Mixed,Mixed Positive,Bug Complaint,Positive overall with a small bug complaint.,Soft Mismatch: Recommended but Mixed Text,False,True,False,True,Medium,assistant_draft,,,12,,,,,,the game is fun just a bit buggy but still pretty good.,55,3.6913763343125234,Soft Mismatch: Recommended but Mixed Text,True,,Mixed
Phasmophobia,2026-06-12,Recommended,66.0 hrs on record,66.0,Regular,0,0,0.5,0.0,True,False,True,True,False,False,True,"Old Phas - 8.5/10 New Phas- 6.5/10 A pioneer in it's genre with many clones released as a result. Was very fun at launch and would easily make you feel uneasy thinking there's ghosts in your house, and is insane in VR, but lost me around 2022. I enjoy watching it on YouTube more than playing it these days. So many different items to learn and way too many ghost types, you have to memorize a textbook and no-life grind it to learn all the traits and you'll likely get your neck snapped 300 times before you get there. 90% of the time you'll get 2 pieces of evidence and just sit there waiting until the 3rd one appears after half the team is already dead. The most recent new animation update isn't too bad and it seems like the economy was improved a bit but I enjoy going back and playing the early versions from SteamDB more. Trolling around in lobbies is more entertaining than the base game, that is, if you can find a lobby that's not a boosting lobby. If you've never played it before you'll probably enjoy it still though.",Mixed,Mixed Negative,Recommendation Mismatch Candidate,Recommended label but review says the newer version lost them and rates it lower.,Soft Mismatch: Recommended but Mixed Text,False,True,False,True,Medium,assistant_draft,,,194,,,,,,"old phas - 8.5/10 new phas- 6.5/10 a pioneer in it's genre with many clones released as a result. was very fun at launch and would easily make you feel uneasy thinking there's ghosts in your house, and is insane in vr, but lost me around 2022. i enjoy watching it on youtube more than playing it these days. so many different items to learn and way too many ghost types, you have to memorize a textbook and no-life grind it to learn all the traits and you'll likely get your neck snapped 300 times before you get there. 90% of the time you'll get 2 pieces of evidence and just sit there waiting until the 3rd one appears after half the team is already dead. the most recent new animation update isn't too bad and it seems like the economy was improved a bit but i enjoy going back and playing the early versions from steamdb more. trolling around in lobbies is more entertaining than the base game, that is, if you can find a lobby that's not a boosting lobby. if you've never played it before you'll probably enjoy it still though.",1032,4.204692619390966,Soft Mismatch: Recommended but Mixed Text,True,,Mixed
Phasmophobia,2026-06-13,Recommended,45.4 hrs on record,45.4,Casual,0,0,0.5,0.0,False,False,True,True,False,False,True,"Horror aspect not there. What is this game like? 3 evidence ""I GOT THE GHOST"" But its a mimic and you want to destroy everything Expect a fun time no, Ghost said I hate you and killed you at 80% sanity. Want in-game money look away. YOU WILL LOSE IT ALL!!!!! I have ragged quit this game more then Rainbow 6 But still a 10/10 game YOU REALLY SHOULD JUST THE FUN",Mixed,Mixed Positive,Meme / Joke Review,Chaotic negative anecdotes but ends with 10/10 and recommends it.,Soft Mismatch: Recommended but Mixed Text,False,True,False,True,Medium,assistant_draft,,,72,,,,,,"horror aspect not there. what is this game like? 3 evidence ""i got the ghost"" but its a mimic and you want to destroy everything expect a fun time no, ghost said i hate you and killed you at 80% sanity. want in-game money look away. you will lose it all!!!!! i have ragged quit this game more then rainbow 6 but still a 10/10 game you really should just the fun",361,3.8372994592322094,Soft Mismatch: Recommended but Mixed Text,True,,Mixed
Phasmophobia,2026-06-10,Recommended,80.2 hrs on record,80.2,Regular,0,0,0.5,0.0,True,False,True,True,False,False,True,"Really don't know where the hate comes from. My experience with the game has been nothing but positive since I bought it a few years ago. Level progression is easy/makes sense, the animations and overall ""look"" of the game is fantastic (albeit a little funky at times), and the gameplay is straightforward and easy to pick up and go with. If you're after a silly ghost huntin' game that's not too spooky to enjoy with friends, this game is for you.",Positive,Genuine Positive,Community Defense,Defends the game against hate and describes their experience as positive.,Aligned Positive,False,False,False,False,High,assistant_draft,,,81,,,,,,"really don't know where the hate comes from. my experience with the game has been nothing but positive since i bought it a few years ago. level progression is easy/makes sense, the animations and overall ""look"" of the game is fantastic (albeit a little funky at times), and the gameplay is straightforward and easy to pick up and go with. if you're after a silly ghost huntin' game that's not too spooky to enjoy with friends, this game is for you.",448,4.396915247167632,Aligned Positive,False,Positive,Positive
Phasmophobia,2026-06-12,Recommended,165.4 hrs on record,165.4,Veteran,0,0,0.5,0.0,False,True,True,False,False,False,True,"I really like the game! It is thrilling and a fun co-op game but recently the game is very buggy and I would like it to be fixed so I can play happily and properly! Overall, I still recommend the game despite its flaws!",Mixed,Mixed Positive,Bug Complaint,Still recommends the game despite recent bugs.,Soft Mismatch: Recommended but Mixed Text,False,True,False,True,Medium,assistant_draft,,,44,,,,,,"i really like the game! it is thrilling and a fun co-op game but recently the game is very buggy and i would like it to be fixed so i can play happily and properly! overall, i still recommend the game despite its flaws!",219,5.114394528387108,Soft Mismatch: Recommended but Mixed Text,True,,Mixed
Phasmophobia,2026-06-12,Recommended,66.6 hrs on record,66.6,Regular,0,0,0.5,0.0,False,False,True,True,False,False,True,I've literally played this game for 66.6 hours. Thats on theme for this game. I'm sad that the next time I play it will roll over but just know this game is incredibly fun and challenging + the community is like no other. I've made several friends just playing this game in public lobbies. ENJOY!,Positive,Genuine Positive,Meme / Joke Review,"Positive overall; sadness is about playtime moving past 66.6 hours, not game dissatisfaction.",Aligned Positive,False,False,False,False,High,assistant_draft,,,55,,,,,,i've literally played this game for 66.6 hours. thats on theme for this game. i'm sad that the next time i play it will roll over but just know this game is incredibly fun and challenging + the community is like no other. i've made several friends just playing this game in public lobbies. enjoy!,296,4.213607983048918,Aligned Positive,False,Positive,Positive
Phasmophobia,2026-06-10,Recommended,19.9 hrs on record,19.9,Casual,0,0,0.5,0.0,False,True,True,False,False,False,True,"i love this game but there are sooooooooo many bugs that need to be fixed. For starters, when i play with others, its super laggy. Also the game likes to shut down a lot.",Mixed,Mixed Positive,Bug Complaint,Loves the game but says many bugs need fixing.,Soft Mismatch: Recommended but Mixed Text,False,True,False,True,Medium,assistant_draft,,,34,,,,,,"i love this game but there are sooooooooo many bugs that need to be fixed. for starters, when i play with others, its super laggy. also the game likes to shut down a lot.",170,3.039749158970765,Soft Mismatch: Recommended but Mixed Text,True,,Mixed
Phasmophobia,2026-06-11,Recommended,226.9 hrs on record,226.9,Veteran,0,0,0.5,0.0,False,True,True,False,False,False,True,"game has a few issues, but it’s still a lot of fun. It definitely gave me some good scares.",Mixed,Mixed Positive,Positive with Minor Complaint,Acknowledges issues but still describes the game as fun.,Soft Mismatch: Recommended but Mixed Text,False,True,False,True,Medium,assistant_draft,,,19,,,,,,"game has a few issues, but it’s still a lot of fun. it definitely gave me some good scares.",91,5.4289069362516384,Soft Mismatch: Recommended but Mixed Text,True,,Mixed
Phasmophobia,2026-06-10,Recommended,16.3 hrs on record,16.3,Casual,0,0,0.5,0.0,False,False,True,True,False,False,True,good game horror true best game not bad truly happy me my pant wet too,Positive,Genuine Positive,Low Information,Low-quality text but explicitly positive.,Aligned Positive,False,False,False,False,High,assistant_draft,,,15,,,,,,good game horror true best game not bad truly happy me my pant wet too,70,2.8507065015037334,Aligned Positive,False,Positive,Positive
Phasmophobia,Posted: 13 June,Recommended,311.7 hrs on record,311.7,Hardcore,0,0,,,True,True,True,False,False,False,True,"I should preface this review by saying that I’ve only been playing this game for the past year or so, so whilst there are a considerable number of players who have a legitimate gripe about this game being stuck in early-access Hell, I can’t count myself amongst them, although that being said, I do see their side of things. If you love ghost hunting or just the paranormal in general, this game is for you. And for those that aren’t, don’t worry; it’s a great game to play with friends, especially if you’re looking for something spooky, on the cheaper side, and with great replayability. Recent updates have been… janky to say the least, and there are inconsistencies with the mechanics that do need addressing. However, the team behind it is actively adding new updates/events pretty consistently, so some turbulence is to be expected. The new character model system has been especially devicive, but don’t let that put you off; as long as you’re not expecting in-depth character customization, you should be fine. At the end of the day, for £16, I feel I’ve gotten way more than my money’s worth out of it and will continue to do so. I hope you do too!",Mixed,Mixed Positive,Community Defense,Acknowledges legitimate complaints but overall recommends the game.,Soft Mismatch: Recommended but Mixed Text,False,True,False,True,Medium,assistant_draft,,,205,,,,,,"i should preface this review by saying that i’ve only been playing this game for the past year or so, so whilst there are a considerable number of players who have a legitimate gripe about this game being stuck in early-access hell, i can’t count myself amongst them, although that being said, i do see their side of things. if you love ghost hunting or just the paranormal in general, this game is for you. and for those that aren’t, don’t worry; it’s a great game to play with friends, especially if you’re looking for something spooky, on the cheaper side, and with great replayability. recent updates have been… janky to say the least, and there are inconsistencies with the mechanics that do need addressing. however, the team behind it is actively adding new updates/events pretty consistently, so some turbulence is to be expected. the new character model system has been especially devicive, but don’t let that put you off; as long as you’re not expecting in-depth character customization, you should be fine. at the end of the day, for £16, i feel i’ve gotten way more than my money’s worth out of it and will continue to do so. i hope you do too!",1156,5.745244264463795,Soft Mismatch: Recommended but Mixed Text,True,,Mixed
Phasmophobia,2026-06-12,Recommended,5.0 hrs on record,5.0,New,0,0,0.5,0.0,False,True,True,True,False,False,True,"Phasmophobia is exactly the kind of ghost-hunting chaos I want. The problem is that I have no friends to play it with. Which is rude, because this game is clearly built for group panic. I want to walk into a haunted house with a flashlight, a dream, and the confidence of someone who has watched way too much Sam and Colby. I want to ask ghosts disrespectful questions, immediately regret it, and then scream because something moved in the kitchen. The whole setup is so good. You gather evidence, use equipment, watch for signs, try to figure out what kind of ghost you are dealing with, and then attempt to leave before it turns your investigation into a funeral announcement. It is creepy, funny, stressful, and so much better when everyone is panicking together. One person is trying to be serious. One person is already hiding in the van. One person is yelling the ghost’s name like they have never heard of consequences. That is the dream. Even without a full group, I still love the idea of it. The atmosphere is tense, the ghost mechanics are fun, and every investigation feels like it could go from “we are professionals” to “absolutely not, goodbye” in half a second. Phasmophobia lets me live my Sam and Colby dreams, or at least it would if my friends would get their lives together and play with me. Until then, I am just standing outside the haunted house with equipment, trust issues, and no backup.",Positive,Genuine Positive,Meme / Joke Review,Long comedic review but overall clearly praises the game.,Aligned Positive,False,False,False,False,High,assistant_draft,,,251,,,,,,"phasmophobia is exactly the kind of ghost-hunting chaos i want. the problem is that i have no friends to play it with. which is rude, because this game is clearly built for group panic. i want to walk into a haunted house with a flashlight, a dream, and the confidence of someone who has watched way too much sam and colby. i want to ask ghosts disrespectful questions, immediately regret it, and then scream because something moved in the kitchen. the whole setup is so good. you gather evidence, use equipment, watch for signs, try to figure out what kind of ghost you are dealing with, and then attempt to leave before it turns your investigation into a funeral announcement. it is creepy, funny, stressful, and so much better when everyone is panicking together. one person is trying to be serious. one person is already hiding in the van. one person is yelling the ghost’s name like they have never heard of consequences. that is the dream. even without a full group, i still love the idea of it. the atmosphere is tense, the ghost mechanics are fun, and every investigation feels like it could go from “we are professionals” to “absolutely not, goodbye” in half a second. phasmophobia lets me live my sam and colby dreams, or at least it would if my friends would get their lives together and play with me. until then, i am just standing outside the haunted house with equipment, trust issues, and no backup.",1414,1.791759469228055,Aligned Positive,False,Positive,Positive
Phasmophobia,2026-06-13,Recommended,93.8 hrs on record,93.8,Regular,0,0,0.5,0.0,True,True,True,False,False,False,True,"It's a little janky but I think sometimes with games like these, that's what makes them extra fun. I like that when you look up your character breaks their back and that animations are stupid looking. It wouldn't be funny if it was hyper-realistic. That said, it's not really a horror game unless you're scared easily, it's mostly just funny haha time. It's not really a game I play alone much but when I have a friend, we can have fun for hours. Do I wish there were more variety in ghost appearances? Yeah. I wish some of them were less predictable - mimic for example is probably the coolest ghost and I think it would be cooler if they could mimic other ghosts more instead of just also showing orbs. Having more unique traits like the banshee's cry or the wraith's salt aversion would be very cool. Hopefully these things will come in the future. I appreciate that the devs seem dedicated to updating this game and making it better instead of just abandoning it and trying to launch a phasmo 2.",Mixed,Mixed Positive,Positive with Minor Complaint,Finds jank/animations funny and still enjoys the game.,Soft Mismatch: Recommended but Mixed Text,False,True,False,True,Medium,assistant_draft,,,183,,,,,,"it's a little janky but i think sometimes with games like these, that's what makes them extra fun. i like that when you look up your character breaks their back and that animations are stupid looking. it wouldn't be funny if it was hyper-realistic. that said, it's not really a horror game unless you're scared easily, it's mostly just funny haha time. it's not really a game i play alone much but when i have a friend, we can have fun for hours. do i wish there were more variety in ghost appearances? yeah. i wish some of them were less predictable - mimic for example is probably the coolest ghost and i think it would be cooler if they could mimic other ghosts more instead of just also showing orbs. having more unique traits like the banshee's cry or the wraith's salt aversion would be very cool. hopefully these things will come in the future. i appreciate that the devs seem dedicated to updating this game and making it better instead of just abandoning it and trying to launch a phasmo 2.",999,4.551769409260976,Soft Mismatch: Recommended but Mixed Text,True,,Mixed
Phasmophobia,2026-06-10,Recommended,0.9 hrs on record,0.9,New,0,0,0.5,2.0,False,False,False,True,False,False,True,the grass was to green so i knew it was a jyn my freind said nah we whent insinde and i had ghostdih go in to a bad place in my body 10/10 experince i would do again,Positive,Meme / Joke Review,Low Information,Absurd joke review but ends with 10/10 and would do again.,Aligned Positive,False,False,False,False,High,assistant_draft,,,38,,,,,,the grass was to green so i knew it was a jyn my freind said nah we whent insinde and i had ghostdih go in to a bad place in my body 10/10 experince i would do again,165,0.6418538861723948,Aligned Positive,False,Positive,Positive
Phasmophobia,2026-06-10,Recommended,11.3 hrs on record,11.3,Casual,0,0,0.5,0.0,False,False,True,True,False,False,True,"4 years since I was gifted this and somehow I never reviewed it?? well, better late than never I suppose! Phasmophobia is an intriguing multiplayer supernatural-horror/thriller experience, you play as paranormal investigative contractors- in each contract you play, you have one goal, use your various equipment items (more are unlockable as you progress, and different tiers too!) to identify and confirm the type of supernatural entity residing within whatever haunted location, there's maps such as a prison ,a school, and various different houses. You *can* play it singleplayer, but in my humble opinion, it's far better with friends, even just one other person, though it's good fun for a group! hop on a discord call, or use in-game proximity chat to talk & work together- the gameplay is solid, and all around an engaging, and somewhat addictive experience, and this game is genuinely a labor love, all these years gone by and it's still actively being worked on, it's so much more polished than it was in 2022! Highly recommend, even for non-horror fans!~",Positive,Genuine Positive,Detailed Positive Review,Detailed positive explanation of gameplay and appeal.,Aligned Positive,False,False,False,False,High,assistant_draft,,,174,,,,,,"4 years since i was gifted this and somehow i never reviewed it?? well, better late than never i suppose! phasmophobia is an intriguing multiplayer supernatural-horror/thriller experience, you play as paranormal investigative contractors- in each contract you play, you have one goal, use your various equipment items (more are unlockable as you progress, and different tiers too!) to identify and confirm the type of supernatural entity residing within whatever haunted location, there's maps such as a prison ,a school, and various different houses. you *can* play it singleplayer, but in my humble opinion, it's far better with friends, even just one other person, though it's good fun for a group! hop on a discord call, or use in-game proximity chat to talk & work together- the gameplay is solid, and all around an engaging, and somewhat addictive experience, and this game is genuinely a labor love, all these years gone by and it's still actively being worked on, it's so much more polished than it was in 2022! highly recommend, even for non-horror fans!~",1064,2.509599262378372,Aligned Positive,False,Positive,Positive
Phasmophobia,2026-06-12,Recommended,124.7 hrs on record,124.7,Veteran,0,0,0.5,0.0,True,False,True,False,False,False,True,it was good before new update sucks make settings to change things back to original,Mixed,Mixed Negative,Recommendation Mismatch Candidate,Recommended label but says the new update sucks and asks for original settings.,Soft Mismatch: Recommended but Mixed Text,False,True,False,True,Medium,assistant_draft,,,15,,,,,,it was good before new update sucks make settings to change things back to original,83,4.8338981155962015,Soft Mismatch: Recommended but Mixed Text,True,,Mixed
Phasmophobia,2026-06-12,Not Recommended,161.6 hrs on record,161.6,Veteran,3,0,0.532710313796997,0.0,True,True,True,False,True,False,False,"Please PLEASE Revert the update, it isn't fun and the list of bugs is way too many... The animations are not fun, if anything they can get you killed, it takes too long to shift through your items. The extra time is not needed, I understand and respect that you guys wanted change, and i'm sure you all worked many many hours for it, but for the gaming side of it, it just is not fun. I miss old phasmo... I can't recommend this game, not right now at least. If something good happens though I will change my review.",Negative,Mourning,Update Backlash; Bug / Gameplay Degradation,Negative review expresses loss/nostalgia toward the older or previous state of the game.,Aligned Negative,False,False,False,False,High,assistant_draft,,,100,,,,,,"please please revert the update, it isn't fun and the list of bugs is way too many... the animations are not fun, if anything they can get you killed, it takes too long to shift through your items. the extra time is not needed, i understand and respect that you guys wanted change, and i'm sure you all worked many many hours for it, but for the gaming side of it, it just is not fun. i miss old phasmo... i can't recommend this game, not right now at least. if something good happens though i will change my review.",516,5.0912931971137105,Aligned Negative,False,Negative,Negative
Phasmophobia,2026-06-09,Not Recommended,1147.0 hrs on record,1147.0,Hardcore,0,0,0.5,0.0,True,True,True,True,True,False,False,"Over 1.1k hours on record, most of which was before the lobby change years ago. I have tried getting back into the game multiple times and it's just not as fun as it used to be. Yes, nearly everything has changed since I was hooked. I don't mind change but the more updates that happen the less fun I'm having. It's so buggy with no bugs being fixed after reporting. Not all updates are bad, but most of them are becoming unplayable or just not enjoyable. Sad to see the game where it is now compared to where it was years ago.",Negative,Mourning,Update Backlash; Bug / Gameplay Degradation,Negative review expresses loss/nostalgia toward the older or previous state of the game.,Aligned Negative,False,False,False,False,High,assistant_draft,,,102,,,,,,"over 1.1k hours on record, most of which was before the lobby change years ago. i have tried getting back into the game multiple times and it's just not as fun as it used to be. yes, nearly everything has changed since i was hooked. i don't mind change but the more updates that happen the less fun i'm having. it's so buggy with no bugs being fixed after reporting. not all updates are bad, but most of them are becoming unplayable or just not enjoyable. sad to see the game where it is now compared to where it was years ago.",527,7.045776576879511,Aligned Negative,False,Negative,Negative
Phasmophobia,2026-06-12,Not Recommended,208.2 hrs on record,208.2,Veteran,2,0,0.5,0.0,True,True,True,True,True,False,False,"As someone who has put 200+ hours into this game, and someone who has played since the game first released, I can honestly say the game has gone downhill so much lately. The ""customization"" update that has been being teased for so long, is so barebones and lackluster in any sort of customization it makes me wonder why they even bothered. The animations are SO janky and broken now it makes the game unplayable. There are so many bugs (I.E. randomly getting disconnected from a game) that have somehow managed to persist through countless hotfixes, but the devs seem to have PLENTLY of time to work on nonsense collabs (Looking at you Allan Wake.) I genuinely loved playing this game and it was a top 3 for my friend group, but in its current state I cant be bothered with it. I hope the devs find a way to turn this game around because if they dont make some SERIOUS changes soon, this might be the final nail in the coffin.",Negative,Mourning,Update Backlash; Bug / Gameplay Degradation; Developer Criticism,Negative review expresses loss/nostalgia toward the older or previous state of the game.,Aligned Negative,False,False,False,False,High,assistant_draft,,,171,,,,,,"as someone who has put 200+ hours into this game, and someone who has played since the game first released, i can honestly say the game has gone downhill so much lately. the ""customization"" update that has been being teased for so long, is so barebones and lackluster in any sort of customization it makes me wonder why they even bothered. the animations are so janky and broken now it makes the game unplayable. there are so many bugs (i.e. randomly getting disconnected from a game) that have somehow managed to persist through countless hotfixes, but the devs seem to have plently of time to work on nonsense collabs (looking at you allan wake.) i genuinely loved playing this game and it was a top 3 for my friend group, but in its current state i cant be bothered with it. i hope the devs find a way to turn this game around because if they dont make some serious changes soon, this might be the final nail in the coffin.",926,5.343290732190768,Aligned Negative,False,Negative,Negative
Phasmophobia,2026-06-11,Not Recommended,235.5 hrs on record,235.5,Veteran,3,0,0.5388669371604919,0.0,False,False,True,False,True,False,False,"Absolutely loved this game for years, enough that I rebought the game after losing my steam account, always came back time after time. Saw all the changes to the lobbies, maps, equipment, progression, ghosts, etc... and stuck with it. But I'm done, I can't do it anymore, they killed the game I loved playing with my friends for hours. Don't trust the positive reviews, this game has run into the ground. Can't even look at it the same anymore.",Negative,Mourning,Update Backlash,Long-term player loved the game but dislikes accumulated changes.,Aligned Negative,False,False,False,False,High,assistant_draft,,,79,,,,,,"absolutely loved this game for years, enough that i rebought the game after losing my steam account, always came back time after time. saw all the changes to the lobbies, maps, equipment, progression, ghosts, etc... and stuck with it. but i'm done, i can't do it anymore, they killed the game i loved playing with my friends for hours. don't trust the positive reviews, this game has run into the ground. can't even look at it the same anymore.",444,5.465948207931988,Aligned Negative,False,Negative,Negative
Phasmophobia,2026-06-10,Not Recommended,39.8 hrs on record,39.8,Casual,1,0,0.5021392703056335,0.0,True,True,True,False,True,False,False,"I got this game when it came out on console years ago and had so much fun with my friends. When I a computer and repurchased it I continued to play it with my friends up until this fall when I took a break. At that point the game was a little janky but it was almost perfectly fine. Never would I expect that the developers wanted to regress their game back to alpha by feeding it bugs and premade models that look like ♥♥♥♥. This game has been in early access for 6 years and it's only gotten worse with every update. They new character models are just edgy guys which really tight jeans and eyebrow piercings. They should just bring back the normal looking people instead of Joe Shmo emo mgee On the topic of new, all of the tools are smaller and look stupid. Half the time when I pull out my flashlight it stays on my toolbelt and I have a floating hand of light. The tier 1 thermo is impossible to read because of size so you might as well ignore temp and interacting with anything plays this dumb ♥♥♥♥♥♥♥ animation that looks like your fingering something?! Why? I never thought I would get angry a game becoming worse but this isn't a AAA studio. Why aren't they taking player criticism? More ghost interactions happen and the new ghost behavers are chatgpt brainstorms thrown under burning elephant ♥♥♥♥. They next update should be called Undo2.0 or sell GameToOtherStudio2.0. I was playing the other day and saw an events thing pop up. Wtf is that this isn't Fortnite. The new events allow you to get limited time clothes that look like ♥♥♥♥ and require playing a separate challenge mode. I wouldn't recommend buying this game until the devs get off crystal start releasing updates that benefit the game. Just wait until it gets out of early release.",Negative,Mourning,Update Backlash; Bug / Gameplay Degradation; Developer Criticism,Negative review expresses loss/nostalgia toward the older or previous state of the game.,Aligned Negative,False,False,False,False,High,assistant_draft,,,321,,,,,,"i got this game when it came out on console years ago and had so much fun with my friends. when i a computer and repurchased it i continued to play it with my friends up until this fall when i took a break. at that point the game was a little janky but it was almost perfectly fine. never would i expect that the developers wanted to regress their game back to alpha by feeding it bugs and premade models that look like ♥♥♥♥. this game has been in early access for 6 years and it's only gotten worse with every update. they new character models are just edgy guys which really tight jeans and eyebrow piercings. they should just bring back the normal looking people instead of joe shmo emo mgee on the topic of new, all of the tools are smaller and look stupid. half the time when i pull out my flashlight it stays on my toolbelt and i have a floating hand of light. the tier 1 thermo is impossible to read because of size so you might as well ignore temp and interacting with anything plays this dumb ♥♥♥♥♥♥♥ animation that looks like your fingering something?! why? i never thought i would get angry a game becoming worse but this isn't a aaa studio. why aren't they taking player criticism? more ghost interactions happen and the new ghost behavers are chatgpt brainstorms thrown under burning elephant ♥♥♥♥. they next update should be called undo2.0 or sell gametootherstudio2.0. i was playing the other day and saw an events thing pop up. wtf is that this isn't fortnite. the new events allow you to get limited time clothes that look like ♥♥♥♥ and require playing a separate challenge mode. i wouldn't recommend buying this game until the devs get off crystal start releasing updates that benefit the game. just wait until it gets out of early release.",1758,3.708682081410116,Aligned Negative,False,Negative,Negative
Phasmophobia,2026-06-13,Not Recommended,930.5 hrs on record,930.5,Hardcore,1,0,0.5238095521926879,0.0,True,False,False,False,False,False,False,"The character update sucks ngl, and the animations are lwk buns too",Negative,Update Backlash,Update Complaint,"Negative review mainly criticizes recent updates, changes, or added animations/customization.",Aligned Negative,False,False,False,False,High,assistant_draft,,,12,,,,,,"the character update sucks ngl, and the animations are lwk buns too",67,6.836796190041643,Aligned Negative,False,Negative,Negative
Phasmophobia,2026-06-13,Not Recommended,168.6 hrs on record,168.6,Veteran,1,0,0.5161290168762207,0.0,True,True,True,True,False,False,False,"I love this game, but this new update is bad. I’m not talking about the new customization (I’m fine with it). I’m talking about how clunky everything feels now. There are animations when switching items, it looks cooler, but it makes gameplay feel extremely sluggish. This includes opening the journal, which has an animation and is also zoomed out for some reason. I miss how you could switch between items and open the journal super quickly, it made the game feel smooth to play. I still think this is a great game, but I’m not switching my “not recommended” review until they fix these things (or at least add a setting to disable them). I have faith in these devs to do what is right for the game.",Negative,Update Backlash,Bug / Gameplay Degradation; Developer Criticism,"Negative review mainly criticizes recent updates, changes, or added animations/customization.",Aligned Negative,False,False,False,False,High,assistant_draft,,,128,,,,,,"i love this game, but this new update is bad. i’m not talking about the new customization (i’m fine with it). i’m talking about how clunky everything feels now. there are animations when switching items, it looks cooler, but it makes gameplay feel extremely sluggish. this includes opening the journal, which has an animation and is also zoomed out for some reason. i miss how you could switch between items and open the journal super quickly, it made the game feel smooth to play. i still think this is a great game, but i’m not switching my “not recommended” review until they fix these things (or at least add a setting to disable them). i have faith in these devs to do what is right for the game.",701,5.133442723357803,Aligned Negative,False,Negative,Negative
Phasmophobia,2026-06-09,Not Recommended,179.6 hrs on record,179.6,Veteran,0,0,0.5,0.0,True,False,True,False,False,False,False,just not a good game. has been stagnant for a long time and the last update just feels lazy and unpolished,Negative,Update Backlash,Update Complaint,"Negative review mainly criticizes recent updates, changes, or added animations/customization.",Aligned Negative,False,False,False,False,High,assistant_draft,,,21,,,,,,just not a good game. has been stagnant for a long time and the last update just feels lazy and unpolished,106,5.196284640982885,Aligned Negative,False,Negative,Negative
Phasmophobia,2026-06-13,Not Recommended,236.4 hrs on record,236.4,Veteran,1,0,0.5,0.0,True,False,True,True,False,False,False,Was a great game until the latest update. Horrible animations and the hand gesture feature is awfully tacky. Expected much more from a game I very much enjoyed,Negative,Update Backlash,Update Complaint,"Negative review mainly criticizes recent updates, changes, or added animations/customization.",Aligned Negative,False,False,False,False,High,assistant_draft,,,28,,,,,,was a great game until the latest update. horrible animations and the hand gesture feature is awfully tacky. expected much more from a game i very much enjoyed,159,5.469746482175568,Aligned Negative,False,Negative,Negative
Phasmophobia,2026-06-12,Not Recommended,115.1 hrs on record,115.1,Veteran,1,0,0.5,0.0,True,False,False,False,False,False,False,BROO WHY YOU CHANGED THE FIRST MAP IT WAS GOATED NOW IT LOOKS LIKE ITS MY GRANDMA'S,Negative,Update Backlash,Map Change Complaint,Negative reaction to changed first map.,Aligned Negative,False,False,False,False,High,assistant_draft,,,17,,,,,,broo why you changed the first map it was goated now it looks like its my grandma's,83,4.754451888703846,Aligned Negative,False,Negative,Negative
Phasmophobia,2026-06-10,Not Recommended,8.2 hrs on record,8.2,New,2,0,0.5296273827552795,0.0,True,True,True,True,False,False,False,"This amount of jank could be acceptable when the game first came out and the dev team was much more inexperienced, but after being on Steam for nearly 6 years, it's unacceptable. The devs seem more interested in adding more things or refreshing already good maps instead of fixing game breaking bugs. When the developers tell you ""just keep playing the game till you're use to the jank,"" after releasing the most broken update to date, that's all you need to know about how much they care about their own product outside of it's sales figures. Even my friends don't want to play this game with me when I suggest it anymore, it's gotten that bad.",Negative,Mourning,Update Backlash; Bug / Gameplay Degradation; Developer Criticism,Negative review expresses loss/nostalgia toward the older or previous state of the game.,Aligned Negative,False,False,False,False,High,assistant_draft,,,116,,,,,,"this amount of jank could be acceptable when the game first came out and the dev team was much more inexperienced, but after being on steam for nearly 6 years, it's unacceptable. the devs seem more interested in adding more things or refreshing already good maps instead of fixing game breaking bugs. when the developers tell you ""just keep playing the game till you're use to the jank,"" after releasing the most broken update to date, that's all you need to know about how much they care about their own product outside of it's sales figures. even my friends don't want to play this game with me when i suggest it anymore, it's gotten that bad.",645,2.2192034840549946,Aligned Negative,False,Negative,Negative
Phasmophobia,2026-06-11,Not Recommended,47.4 hrs on record,47.4,Casual,1,0,0.5098039507865905,0.0,False,True,True,True,False,False,False,"Great game Idea, but very bad servers and bugs. Settings reset all the time I re-open the game. Random ""lost connection to server"" even tho my internet is perfectly fine, incense doesnt protect sometimes, etc.",Negative,Bug / Gameplay Degradation,Performance / Stability Complaint,"Not Recommended review focuses on bugs, lag, crashes, or degraded gameplay experience.",Aligned Negative,False,False,False,False,High,assistant_draft,,,35,,,,,,"great game idea, but very bad servers and bugs. settings reset all the time i re-open the game. random ""lost connection to server"" even tho my internet is perfectly fine, incense doesnt protect sometimes, etc.",209,3.879499813722586,Aligned Negative,False,Negative,Negative
Phasmophobia,2026-06-11,Not Recommended,41.5 hrs on record,41.5,Casual,4,0,0.5266909003257751,0.0,False,True,False,False,False,False,False,"It's insane how they manage to make the game play worse, have more bugs and look worse the longer the development goes on.",Negative,Bug / Gameplay Degradation,Performance / Stability Complaint,"Not Recommended review focuses on bugs, lag, crashes, or degraded gameplay experience.",Aligned Negative,False,False,False,False,High,assistant_draft,,,23,,,,,,"it's insane how they manage to make the game play worse, have more bugs and look worse the longer the development goes on.",122,3.7495040759303713,Aligned Negative,False,Negative,Negative
Phasmophobia,2026-06-12,Recommended,167.0 hrs on record,167.0,Veteran,0,0,0.5,0.0,False,True,False,False,False,True,False,glitches and hackers,Mixed,Mixed Negative,Recommendation Mismatch Candidate,Recommended label but text only mentions glitches and hackers.,Soft Mismatch: Recommended but Mixed Text,False,True,False,True,Medium,assistant_draft,,,3,,,,,,glitches and hackers,20,5.123963979403259,Soft Mismatch: Recommended but Mixed Text,True,,Mixed
Phasmophobia,2026-06-10,Not Recommended,117.0 hrs on record,117.0,Veteran,1,1,0.5258620381355285,0.0,False,True,False,False,False,False,False,"Phasmophobia might just be one of the most neglected games of all time. There is so much potential, but their dev team are absolutely HORRENDOUS at meeting deadlines, and even when they do, they come out with mediocre result. They've had their fair share of excuses, but it is getting out of line. There are TOO many bugs, TOO many hackers, and this one guy called BiscuitBum who lurks on their servers and won't stop threatening to tickle the soles of my feet. Sort. It. Out.",Negative,Bug / Gameplay Degradation,Performance / Stability Complaint,"Not Recommended review focuses on bugs, lag, crashes, or degraded gameplay experience.",Aligned Negative,False,False,False,False,High,assistant_draft,,,86,,,,,,"phasmophobia might just be one of the most neglected games of all time. there is so much potential, but their dev team are absolutely horrendous at meeting deadlines, and even when they do, they come out with mediocre result. they've had their fair share of excuses, but it is getting out of line. there are too many bugs, too many hackers, and this one guy called biscuitbum who lurks on their servers and won't stop threatening to tickle the soles of my feet. sort. it. out.",476,4.770684624465665,Aligned Negative,False,Negative,Negative
Phasmophobia,2026-06-11,Recommended,61.0 hrs on record,61.0,Regular,0,0,0.5,0.0,False,False,True,False,False,True,False,fun and yes,Positive,Genuine Positive,Low Information,Short but positive statement.,Aligned Positive,False,False,False,False,High,assistant_draft,,,3,,,,,,fun and yes,11,4.127134385045092,Aligned Positive,False,Positive,Positive
Phasmophobia,2026-06-10,Recommended,94.6 hrs on record,94.6,Regular,0,0,0.4761904776096343,0.0,False,False,False,False,False,True,False,zxcvb,Neutral/Unclear,Low Information,Low Information,Non-evaluative text.,Ambiguous / Low Information,False,False,True,True,Low,assistant_draft,,,1,,,,,,zxcvb,5,4.560172820057356,Ambiguous / Low Information,True,,Neutral/Unclear
Phasmophobia,2026-06-10,Recommended,113.1 hrs on record,113.1,Veteran,0,0,0.5,0.0,False,False,True,False,False,True,False,Find ghost... ver fun,Positive,Genuine Positive,Low Information,Short Recommended review with positive wording.,Aligned Positive,False,False,False,False,High,assistant_draft,,,4,,,,,,find ghost... ver fun,21,4.73707525686803,Aligned Positive,False,Positive,Positive
Phasmophobia,2026-06-09,Recommended,10.1 hrs on record,10.1,Casual,0,0,0.5,0.0,False,False,False,False,False,True,False,в соло не кайф,Mixed,Mixed Negative,Non-English / Solo Complaint,Russian text roughly indicates solo play is not enjoyable.,Soft Mismatch: Recommended but Mixed Text,False,True,False,True,Medium,assistant_draft,,,4,,,,,,в соло не кайф,14,2.4069451083182885,Soft Mismatch: Recommended but Mixed Text,True,,Mixed
Phasmophobia,2026-06-12,Not Recommended,5.4 hrs on record,5.4,New,1,0,0.5,0.0,False,False,False,False,False,True,False,this game suck,Negative,Genuine Negative,Low Information,Very short review; sentiment inferred mostly from the Steam recommendation label and limited text.,Aligned Negative,False,False,False,False,High,assistant_draft,,,3,,,,,,this game suck,14,1.8562979903656263,Aligned Negative,False,Negative,Negative
Phasmophobia,2026-06-11,Recommended,4.9 hrs on record,4.9,New,0,0,0.5,0.0,False,False,False,False,False,True,False,W Game,Positive,Genuine Positive,Low Information,Short Recommended review with positive wording.,Aligned Positive,False,False,False,False,High,assistant_draft,,,2,,,,,,w game,6,1.7749523509116738,Aligned Positive,False,Positive,Positive
Phasmophobia,2026-06-12,Recommended,19.9 hrs on record,19.9,Casual,0,1,0.5,0.0,False,False,True,False,False,True,False,best horror co op game,Positive,Genuine Positive,Low Information,Short Recommended review with positive wording.,Aligned Positive,False,False,False,False,High,assistant_draft,,,5,,,,,,best horror co op game,22,3.039749158970765,Aligned Positive,False,Positive,Positive
Phasmophobia,2026-06-09,Recommended,31.4 hrs on record,31.4,Casual,0,0,0.5,0.0,False,False,False,False,False,True,False,YURT,Neutral/Unclear,Low Information,Low Information,Non-evaluative low-information text.,Ambiguous / Low Information,False,False,True,True,Low,assistant_draft,,,1,,,,,,yurt,4,3.4781584227982836,Ambiguous / Low Information,True,,Neutral/Unclear
Phasmophobia,2026-06-13,Recommended,15.3 hrs on record,15.3,Casual,0,0,0.5,0.0,False,False,True,False,False,True,False,best,Positive,Genuine Positive,Low Information,Short Recommended review with positive wording.,Aligned Positive,False,False,False,False,High,assistant_draft,,,1,,,,,,best,4,2.791165107812717,Aligned Positive,False,Positive,Positive
Phasmophobia,2026-06-11,Recommended,40.7 hrs on record,40.7,Casual,2,0,0.541284441947937,0.0,False,False,False,False,False,True,False,i gave my friend diharrea,Neutral/Unclear,Low Information,Low Information,Very short Recommended review with insufficient evaluative detail.,Ambiguous / Low Information,False,False,True,True,Low,assistant_draft,,,5,,,,,,i gave my friend diharrea,25,3.730501128804756,Ambiguous / Low Information,True,,Neutral/Unclear
Phasmophobia,2026-06-09,Recommended,7.1 hrs on record,7.1,New,0,0,0.5,0.0,False,False,True,False,False,True,False,GOOD GAME,Positive,Genuine Positive,Low Information,Short Recommended review with positive wording.,Aligned Positive,False,False,False,False,High,assistant_draft,,,2,,,,,,good game,9,2.0918640616783932,Aligned Positive,False,Positive,Positive
Phasmophobia,2026-06-13,Recommended,32.1 hrs on record,32.1,Casual,0,0,0.5,0.0,False,False,True,False,False,True,False,is scary,Positive,Genuine Positive,Low Information,Short Recommended review with positive wording.,Aligned Positive,False,False,False,False,High,assistant_draft,,,2,,,,,,is scary,8,3.4995332823830174,Aligned Positive,False,Positive,Positive
Phasmophobia,2026-06-09,Recommended,9.7 hrs on record,9.7,New,0,0,0.5,0.0,False,False,True,False,False,True,False,Spooky. Funny. Good.,Positive,Genuine Positive,Low Information,Short Recommended review with positive wording.,Aligned Positive,False,False,False,False,High,assistant_draft,,,3,,,,,,spooky. funny. good.,20,2.3702437414678603,Aligned Positive,False,Positive,Positive
Phasmophobia,2026-06-09,Recommended,715.9 hrs on record,715.9,Hardcore,0,0,0.5,0.0,False,False,True,False,False,True,False,I love this game,Positive,Genuine Positive,Low Information,Short Recommended review with positive wording.,Aligned Positive,False,False,False,False,High,assistant_draft,,,4,,,,,,i love this game,16,6.5749363608588265,Aligned Positive,False,Positive,Positive
Phasmophobia,2026-06-10,Recommended,45.1 hrs on record,45.1,Casual,0,0,0.5,0.0,False,False,False,False,False,True,False,:),Neutral/Unclear,Low Information,Low Information,Emoji-only/near-empty review.,Ambiguous / Low Information,False,False,True,True,Low,assistant_draft,,,1,,,,,,:),2,3.8308129500026027,Ambiguous / Low Information,True,,Neutral/Unclear
Phasmophobia,2026-06-09,Recommended,3.1 hrs on record,3.1,New,0,0,0.5,0.0,False,False,True,False,False,True,False,good,Positive,Genuine Positive,Low Information,Short Recommended review with positive wording.,Aligned Positive,False,False,False,False,High,assistant_draft,,,1,,,,,,good,4,1.410986973710262,Aligned Positive,False,Positive,Positive
Phasmophobia,2026-06-10,Recommended,13.6 hrs on record,13.6,Casual,0,0,0.5,0.0,False,False,True,False,False,True,False,good game scary though,Positive,Genuine Positive,Low Information,Short Recommended review with positive wording.,Aligned Positive,False,False,False,False,High,assistant_draft,,,4,,,,,,good game scary though,22,2.681021528714291,Aligned Positive,False,Positive,Positive
Phasmophobia,2026-06-12,Recommended,4.6 hrs on record,4.6,New,0,0,0.5,0.0,False,False,True,False,False,True,False,AMAZING GAME YES YES,Positive,Genuine Positive,Low Information,Short Recommended review with positive wording.,Aligned Positive,False,False,False,False,High,assistant_draft,,,4,,,,,,amazing game yes yes,20,1.7227665977411035,Aligned Positive,False,Positive,Positive
Phasmophobia,2026-06-12,Recommended,30.4 hrs on record,30.4,Casual,0,0,0.5,0.0,False,False,True,False,False,True,False,scary?,Neutral/Unclear,Low Information,Low Information,Question-like one-word review with unclear sentiment.,Ambiguous / Low Information,False,False,True,True,Low,assistant_draft,,,1,,,,,,scary?,6,3.4468078929142076,Ambiguous / Low Information,True,,Neutral/Unclear
Phasmophobia,2026-06-13,Recommended,54.6 hrs on record,54.6,Regular,0,0,0.5,0.0,False,False,False,False,False,True,False,fajna pzdr,Positive,Genuine Positive,Non-English / Low Information,Polish low-information positive phrase.,Aligned Positive,False,False,False,False,High,assistant_draft,,,2,,,,,,fajna pzdr,10,4.018183201256536,Aligned Positive,False,Positive,Positive
