review_id,text_group_id,evaluation_partition,review_date,recommendation,playtime_hours,helpful_count,funny_count,steam_purchase,received_for_free,written_during_early_access,weighted_vote_score,comment_count,review_text,language_status,text_informativeness,sentiment_composition,primary_theme,secondary_themes,annotation_confidence,annotation_notes,annotation_source,recommendation_text_relation,analysis_review,word_count,char_count,playtime_missing,log_playtime,player_group,suspected_non_latin_script,keyword_update,keyword_technical_issue,keyword_positive,keyword_negative,keyword_nostalgia,keyword_low_information
R0001,G0216,locked_test,2026-06-10,Recommended,5.6,0,0,False,False,True,0.5,0.0,This guy is quite enjoyable with friends its amazing without its pretty good :D. i must say however it is a mission to get better gear since you do need to level up quite a bit,English,Sufficient,Positive_only,Gameplay_praise,,High,,human_agreed,Aligned positive,This guy is quite enjoyable with friends its amazing without its pretty good :D. i must say however it is a mission to get better gear since you do need to level up quite a bit,36,176,False,1.8870696490323797,New (≤10h),False,False,False,True,False,False,False
R0002,G0054,development,2026-06-12,Recommended,68.0,0,1,True,False,True,0.5,0.0,"fun game, also writing this at 67 hours, 6 7",English,Sufficient,Positive_only,Gameplay_praise,Humor_or_meme,Medium,"'6 7' is a meme reference, not itself evaluative.",human_single,Aligned positive,"fun game, also writing this at 67 hours, 6 7",10,44,False,4.23410650459726,Regular (50–100h),False,False,False,True,False,False,False
R0003,G0225,locked_test,2026-06-10,Recommended,203.1,0,0,True,False,True,0.5,0.0,"very buggy but ngl that's one reason why i love this game. it's very addicting. its fun to do the research and learn new was to play this game. it is scary at first and to be honest I still jumped scared. but it is very fun if you enjoy puzzle horror game, I recommend it alot.",English,Sufficient,Positive_only,Gameplay_praise,,High,,human_agreed,Aligned positive,"very buggy but ngl that's one reason why i love this game. it's very addicting. its fun to do the research and learn new was to play this game. it is scary at first and to be honest I still jumped scared. but it is very fun if you enjoy puzzle horror game, I recommend it alot.",57,277,False,5.318610069815799,Veteran (100–300h),False,False,False,True,False,False,False
R0004,G0212,development,2026-06-12,Not Recommended,5.4,1,0,False,False,True,0.5,0.0,this game suck,English,Sufficient,Negative_only,General_evaluation,,High,,human_single,Aligned negative,this game suck,3,14,False,1.8562979903656263,New (≤10h),False,False,False,False,False,False,True
R0005,G0072,development,2026-06-12,Recommended,16.1,0,0,True,False,True,0.5,0.0,gost scary but im more scary,English,Sufficient,Neutral_non_evaluative,Humor_or_meme,,Medium,,human_single,Non-evaluative text,gost scary but im more scary,6,28,False,2.8390784635086144,Casual (10–50h),False,False,False,True,False,False,False
R0006,G0138,development,2026-06-13,Not Recommended,87.9,0,0,False,False,True,0.5,0.0,New update is awful. I hate new characters design. They are ugly,English,Sufficient,Negative_only,Update_or_change,,High,,human_single,Aligned negative,New update is awful. I hate new characters design. They are ugly,12,64,False,4.487512142519859,Regular (50–100h),False,True,False,False,True,False,False
R0007,G0134,development,2026-06-09,Recommended,205.4,0,0,True,False,True,0.4741379022598266,0.0,love,English,Sufficient,Positive_only,General_evaluation,,Medium,Single word; positive but no specific object stated.,human_single,Aligned positive,love,1,4,False,5.329816033607408,Veteran (100–300h),False,False,False,True,False,False,True
R0008,G0187,locked_test,2026-06-11,Recommended,15.4,0,0,True,False,True,0.5,0.0,SS SCAARY,English,Insufficient,Not_applicable,Not_applicable,,Low,"'SS' prefix can't be confidently decoded, undermining a confident read of the whole phrase.",human_adjudicated,Insufficient text,SS SCAARY,2,9,False,2.797281334830153,Casual (10–50h),False,False,False,False,False,False,True
R0009,G0119,development,2026-06-11,Not Recommended,41.5,4,0,False,False,True,0.5266909003257751,0.0,"It's insane how they manage to make the game play worse, have more bugs and look worse the longer the development goes on.",English,Sufficient,Negative_only,Update_or_change,Technical_issue,High,,human_single,Aligned negative,"It's insane how they manage to make the game play worse, have more bugs and look worse the longer the development goes on.",23,122,False,3.7495040759303713,Casual (10–50h),False,False,True,False,False,False,False
R0010,G0057,development,2026-06-11,Recommended,226.9,0,0,True,False,True,0.5,0.0,"game has a few issues, but it’s still a lot of fun. It definitely gave me some good scares.",English,Sufficient,Mixed,Gameplay_praise,Technical_issue,High,,human_single,Qualified / mixed opinion,"game has a few issues, but it’s still a lot of fun. It definitely gave me some good scares.",19,91,False,5.4289069362516384,Veteran (100–300h),False,False,False,True,False,False,False
R0011,G0194,development,2026-06-10,Recommended,27.6,0,0,True,False,True,0.5,0.0,the game IS ABSOLUTE PEAK MAN ITS A CRAZY ASS GHOST HUNTING GAME,English,Sufficient,Positive_only,Gameplay_praise,,High,,human_single,Aligned positive,the game IS ABSOLUTE PEAK MAN ITS A CRAZY ASS GHOST HUNTING GAME,13,64,False,3.353406717825807,Casual (10–50h),False,False,False,False,False,False,False
R0012,G0193,development,2026-06-09,Not Recommended,131.8,1,0,True,False,True,0.5,0.0,"The early access label is an excuse for a janky game that is constantly getting updates no one asked for. They change what little good the game has, but never change any of the bad, like the giant maps that’re empty. Once playable maps, are now a damn lag simulator, and I don’t even play on that low end of a PC. This game has made about $260 million dollars, yet the studio seems to genuinely mainly care about overpriced merch. The updates are so few and far between, and when they do come, they’re lackluster or worse, do more harm than good by adding bad content and bugs. The dev team for some reason seem to have a bad relationship with the community, and I cannot for the life of me think of any reason why. The reason you guys are STANDING as a team and company is because of fans, but you shut us down and dismiss us, and discourage anything that goes outside of the narrative you guys so desperately want. They’re strongly against mods for the weirdest reason, I mean what the hell man, you would get even more plays and diversity in the game if you allowed or encouraged it. This game was fun and interesting at one point. It was janky, but more so in a lovable way, where you could tell it was a little rough, but made with love. But recently, with all the unnecessary changes, the way the dev team acts towards us, and the way the game is handled as a whole, the past 2 or so years leaves such a bad taste in my mouth, and the game feels more like a chore now than anything. 4/10 for me",English,Sufficient,Negative_only,Update_or_change,Technical_issue,High,,human_single,Aligned negative,"The early access label is an excuse for a janky game that is constantly getting updates no one asked for. They change what little good the game has, but never change any of the bad, like the giant maps that’re empty. Once playable maps, are now a damn lag simulator, and I don’t even play on that low end of a PC. This game has made about $260 million dollars, yet the studio seems to genuinely mainly care about overpriced merch. The updates are so few and far between, and when they do come, they’re lackluster or worse, do more harm than good by adding bad content and bugs. The dev team for some reason seem to have a bad relationship with the community, and I cannot for the life of me think of any reason why. The reason you guys are STANDING as a team and company is because of fans, but you shut us down and dismiss us, and discourage anything that goes outside of the narrative you guys so desperately want. They’re strongly against mods for the weirdest reason, I mean what the hell man, you would get even more plays and diversity in the game if you allowed or encouraged it. This game was fun and interesting at one point. It was janky, but more so in a lovable way, where you could tell it was a little rough, but made with love. But recently, with all the unnecessary changes, the way the dev team acts towards us, and the way the game is handled as a whole, the past 2 or so years leaves such a bad taste in my mouth, and the game feels more like a chore now than anything. 4/10 for me",290,1500,False,4.888844237042334,Veteran (100–300h),False,True,True,True,True,False,False
R0013,G0019,development,2026-06-11,Recommended,459.6,0,0,True,True,True,0.5,0.0,"Amazing Game, sometimes lags",English,Sufficient,Mixed,Gameplay_praise,Technical_issue,High,,human_single,Qualified / mixed opinion,"Amazing Game, sometimes lags",4,28,False,6.132529987386585,Hardcore (>300h),False,False,False,True,False,False,True
R0014,G0052,development,2026-06-12,Recommended,10.1,0,0,True,False,True,0.5,1.0,FUN AND SCARY,English,Sufficient,Positive_only,Gameplay_praise,,High,,human_single,Aligned positive,FUN AND SCARY,3,13,False,2.4069451083182885,Casual (10–50h),False,False,False,True,False,False,True
R0015,G0044,development,2026-06-11,Recommended,38.6,0,0,True,False,True,0.5,0.0,EVERYTHING,English,Insufficient,Not_applicable,Not_applicable,,Low,Single ambiguous word without stated context.,human_single,Insufficient text,EVERYTHING,1,10,False,3.6788291182604347,Casual (10–50h),False,False,False,False,False,False,True
R0016,G0177,development,2026-06-10,Recommended,16.0,0,0,False,False,True,0.5,0.0,skery,English,Sufficient,Neutral_non_evaluative,General_evaluation,,Low,Likely typo for 'scary'; descriptive only.,human_single,Non-evaluative text,skery,1,5,False,2.833213344056216,Casual (10–50h),False,False,False,False,False,False,True
R0017,G0034,development,2026-06-10,Recommended,64.0,0,1,True,True,True,0.5,0.0,can crack ghost,English,Sufficient,Neutral_non_evaluative,General_evaluation,,Low,Describes a game mechanic/action without a clear evaluation.,human_single,Non-evaluative text,can crack ghost,3,15,False,4.174387269895637,Regular (50–100h),False,False,False,False,False,False,True
R0018,G0222,development,2026-06-10,Recommended,4.5,0,0,True,False,True,0.5,0.0,tuff,English,Sufficient,Positive_only,General_evaluation,,Low,Slang for good; ambiguous brevity.,human_single,Aligned positive,tuff,1,4,False,1.7047480922384253,New (≤10h),False,False,False,False,False,False,True
R0019,G0204,development,2026-06-10,Not Recommended,9.8,0,0,False,False,True,0.4782608747482299,0.0,"They Ruined the game, it was only good in the days when the game first came out",English,Sufficient,Negative_only,Nostalgia_or_loss,,High,,human_single,Aligned negative,"They Ruined the game, it was only good in the days when the game first came out",17,79,False,2.379546134130174,New (≤10h),False,False,False,True,True,True,False
R0020,G0060,development,2026-06-11,Recommended,256.3,0,0,True,False,True,0.5,0.0,ghost get me lol,English,Sufficient,Neutral_non_evaluative,Humor_or_meme,,Medium,,human_single,Non-evaluative text,ghost get me lol,4,16,False,5.550242719287699,Veteran (100–300h),False,False,False,False,False,False,True
R0021,G0145,locked_test,2026-06-12,Recommended,16.4,0,0,True,False,True,0.5,0.0,"ooooooo Scary, but fun (play with friends) mine done :(",English,Sufficient,Positive_only,Gameplay_praise,,High,,human_agreed,Aligned positive,"ooooooo Scary, but fun (play with friends) mine done :(",10,55,False,2.856470206220483,Casual (10–50h),False,False,False,True,False,False,False
R0022,G0104,locked_test,2026-06-09,Not Recommended,236.5,0,0,True,False,True,0.5,0.0,I used to really love this game but now it's borderline unplayable.,English,Sufficient,Mixed,Nostalgia_or_loss,Technical_issue,High,,human_agreed,Qualified / mixed opinion,I used to really love this game but now it's borderline unplayable.,12,67,False,5.470167623474696,Veteran (100–300h),False,False,True,True,False,False,False
R0023,G0167,development,2026-06-10,Recommended,80.2,0,0,False,False,True,0.5,0.0,"Really don't know where the hate comes from. My experience with the game has been nothing but positive since I bought it a few years ago. Level progression is easy/makes sense, the animations and overall ""look"" of the game is fantastic (albeit a little funky at times), and the gameplay is straightforward and easy to pick up and go with. If you're after a silly ghost huntin' game that's not too spooky to enjoy with friends, this game is for you.",English,Sufficient,Positive_only,Gameplay_praise,,High,,human_single,Aligned positive,"Really don't know where the hate comes from. My experience with the game has been nothing but positive since I bought it a few years ago. Level progression is easy/makes sense, the animations and overall ""look"" of the game is fantastic (albeit a little funky at times), and the gameplay is straightforward and easy to pick up and go with. If you're after a silly ghost huntin' game that's not too spooky to enjoy with friends, this game is for you.",81,448,False,4.396915247167632,Regular (50–100h),False,False,False,True,True,False,False
R0024,G0141,development,2026-06-13,Recommended,23.6,0,0,True,False,True,0.5,0.0,Not good at the game = I think the game is bad,English,Sufficient,Negative_only,General_evaluation,,Low,Ironic/self-aware framing links personal skill to a negative verdict on the game.,human_single,Hard contradiction,Not good at the game = I think the game is bad,12,46,False,3.202746442938317,Casual (10–50h),False,False,False,True,True,False,False
R0025,G0039,development,2026-06-11,Recommended,36.1,0,1,True,False,True,0.4657534062862396,0.0,Don’t pick up music boxes and start playing a song in the basement of a hunted house. THE THING DOWN THERE DOES NOT LIKE IT... 5* would play again.,English,Sufficient,Positive_only,Humor_or_meme,Gameplay_praise,Medium,,human_single,Aligned positive,Don’t pick up music boxes and start playing a song in the basement of a hunted house. THE THING DOWN THERE DOES NOT LIKE IT... 5* would play again.,29,147,False,3.6136169696133895,Casual (10–50h),False,False,False,False,False,False,False
R0026,G0227,development,2026-06-11,Recommended,44.2,1,0,True,False,True,0.5238095521926879,0.0,very fun and gave me diarea,English,Sufficient,Positive_only,Humor_or_meme,Gameplay_praise,Medium,Positive verdict expressed through crude humor.,human_single,Aligned positive,very fun and gave me diarea,6,27,False,3.8110970868381857,Casual (10–50h),False,False,False,True,False,False,False
R0027,G0049,development,2026-06-12,Recommended,48.0,0,0,True,False,True,0.5,0.0,fun,English,Sufficient,Positive_only,Gameplay_praise,,High,,human_single,Aligned positive,fun,1,3,False,3.8918202981106265,Casual (10–50h),False,False,False,True,False,False,True
R0028,G0099,locked_test,2026-06-13,Not Recommended,168.6,1,0,True,False,True,0.5161290168762207,0.0,"I love this game, but this new update is bad. I’m not talking about the new customization (I’m fine with it). I’m talking about how clunky everything feels now. There are animations when switching items, it looks cooler, but it makes gameplay feel extremely sluggish. This includes opening the journal, which has an animation and is also zoomed out for some reason. I miss how you could switch between items and open the journal super quickly, it made the game feel smooth to play. I still think this is a great game, but I’m not switching my “not recommended” review until they fix these things (or at least add a setting to disable them). I have faith in these devs to do what is right for the game.",English,Sufficient,Mixed,Update_or_change,,High,,human_agreed,Qualified / mixed opinion,"I love this game, but this new update is bad. I’m not talking about the new customization (I’m fine with it). I’m talking about how clunky everything feels now. There are animations when switching items, it looks cooler, but it makes gameplay feel extremely sluggish. This includes opening the journal, which has an animation and is also zoomed out for some reason. I miss how you could switch between items and open the journal super quickly, it made the game feel smooth to play. I still think this is a great game, but I’m not switching my “not recommended” review until they fix these things (or at least add a setting to disable them). I have faith in these devs to do what is right for the game.",128,701,False,5.133442723357803,Veteran (100–300h),False,True,True,True,True,False,False
R0029,G0218,development,2026-06-12,Not Recommended,38.5,1,1,True,False,True,0.5,0.0,"This new update is terrible, makes me miss the old Phasmo from 2021. UI is overbearing, Characters are ugly now, and alot of core features are broken.",English,Sufficient,Negative_only,Update_or_change,Nostalgia_or_loss,High,,human_single,Aligned negative,"This new update is terrible, makes me miss the old Phasmo from 2021. UI is overbearing, Characters are ugly now, and alot of core features are broken.",27,150,False,3.676300671907076,Casual (10–50h),False,True,True,False,True,True,False
R0030,G0139,development,2026-06-10,Recommended,11.6,0,0,True,False,True,0.5,0.0,ni ce,English,Sufficient,Positive_only,General_evaluation,,Medium,Interpreted as 'nice' despite unusual spacing.,human_agreed,Aligned positive,ni ce,2,5,False,2.533696813957432,Casual (10–50h),False,False,False,False,False,False,True
R0031,G0146,development,2026-06-12,Recommended,21.4,0,0,True,False,True,0.5,0.0,Our professional ghost hunting team can take on an infestation of any level. Especially if it is the mimic. I have a special can of salt with his name on it.,English,Sufficient,Neutral_non_evaluative,Humor_or_meme,,Medium,Playful in-character joke about hunting the mimic; no direct evaluation.,human_single,Non-evaluative text,Our professional ghost hunting team can take on an infestation of any level. Especially if it is the mimic. I have a special can of salt with his name on it.,31,157,False,3.109060958860994,Casual (10–50h),False,False,False,False,False,False,False
R0032,G0236,development,2026-06-13,Not Recommended,236.4,1,0,True,False,True,0.5,0.0,Was a great game until the latest update. Horrible animations and the hand gesture feature is awfully tacky. Expected much more from a game I very much enjoyed,English,Sufficient,Mixed,Update_or_change,,High,"Explicit past praise ('great game', 'very much enjoyed') alongside current criticism.",human_adjudicated,Qualified / mixed opinion,Was a great game until the latest update. Horrible animations and the hand gesture feature is awfully tacky. Expected much more from a game I very much enjoyed,28,159,False,5.469746482175568,Veteran (100–300h),False,True,False,True,False,False,False
R0033,G0064,development,2026-06-09,Recommended,3.1,0,0,True,False,True,0.5,0.0,good,English,Sufficient,Positive_only,General_evaluation,,High,,human_single,Aligned positive,good,1,4,False,1.410986973710262,New (≤10h),False,False,False,True,False,False,True
R0034,G0045,development,2026-06-13,Recommended,54.6,0,0,True,False,True,0.5,0.0,fajna pzdr,Non-English,Insufficient,Not_applicable,Not_applicable,,High,Polish text; not coded under the English-language protocol.,human_single,Insufficient text,fajna pzdr,2,10,False,4.018183201256536,Regular (50–100h),False,False,False,False,False,False,True
R0035,G0149,development,2026-06-11,Not Recommended,146.7,4,0,True,False,True,0.5648242235183715,0.0,"Phasmophobia can be a fun game to play as solo or with your friends... that's if it even works half the time, the player customization has proven me that the developers are not listening to criticism and despite having millions and millions of dollars earned from this game, the recent update that changed the characters animation looks horrible and has introduced a TON of bugs. It's very evidently proven that this game was released on early access in 2020, and YET by the time I'm writing this nearly 6 years later, it still is in early access. I truly do wish this game can get better and the developers actually start listening to the community, but it doesn't seem like it. The optimization has also gotten so bad since the player customization update, that the amount of times it takes just for me to be taken back to the lobby screen sucks.",English,Sufficient,Negative_only,Update_or_change,Technical_issue,High,,human_single,Aligned negative,"Phasmophobia can be a fun game to play as solo or with your friends... that's if it even works half the time, the player customization has proven me that the developers are not listening to criticism and despite having millions and millions of dollars earned from this game, the recent update that changed the characters animation looks horrible and has introduced a TON of bugs. It's very evidently proven that this game was released on early access in 2020, and YET by the time I'm writing this nearly 6 years later, it still is in early access. I truly do wish this game can get better and the developers actually start listening to the community, but it doesn't seem like it. The optimization has also gotten so bad since the player customization update, that the amount of times it takes just for me to be taken back to the lobby screen sucks.",152,848,False,4.995183189537334,Veteran (100–300h),False,True,True,True,True,False,False
R0036,G0155,development,2026-06-10,Not Recommended,616.2,2,1,True,False,True,0.5454545617103576,0.0,"Played for years and it was a nice chill horror game to play with friends The latest update rolls around, and with it came animations with every single interaction, all of which slows down the game dramatically. The quick responsiveness of interactions with things like smudge sticks are a thing of the past with this new update. Now you have to wait a few seconds for everything, and in the heat of the moment against a ghost, those few seconds might as well be a few years. They also added character customization, but only in name. The items that the give you in the way of shirts, hairstyles, and so many other options that you would expect in a character creator are surprisingly limited. Think a max of 3 or 4 outfits regardless of how far you've made it into the game. I won't even get into the character models. This game still has a lot of the charm that made me fall in love with it back in 2021, but this update removed a large portion of that charm, and I honestly cannot recommend anyone spend their money on the game in its current state",English,Sufficient,Negative_only,Update_or_change,Nostalgia_or_loss,High,,human_single,Aligned negative,"Played for years and it was a nice chill horror game to play with friends The latest update rolls around, and with it came animations with every single interaction, all of which slows down the game dramatically. The quick responsiveness of interactions with things like smudge sticks are a thing of the past with this new update. Now you have to wait a few seconds for everything, and in the heat of the moment against a ghost, those few seconds might as well be a few years. They also added character customization, but only in name. The items that the give you in the way of shirts, hairstyles, and so many other options that you would expect in a character creator are surprisingly limited. Think a max of 3 or 4 outfits regardless of how far you've made it into the game. I won't even get into the character models. This game still has a lot of the charm that made me fall in love with it back in 2021, but this update removed a large portion of that charm, and I honestly cannot recommend anyone spend their money on the game in its current state",196,1051,False,6.425193120489006,Hardcore (>300h),False,True,False,True,False,False,False
R0037,G0003,development,2026-06-09,Recommended,71.1,0,0,True,False,True,0.5,0.0,.,English,Insufficient,Not_applicable,Not_applicable,,High,,human_agreed,Insufficient text,.,1,1,False,4.278054044290903,Regular (50–100h),False,False,False,False,False,False,True
R0038,G0086,development,2026-06-09,Not Recommended,248.3,0,0,False,False,True,0.5,1.0,"I can no longer recommend this game. It was hard to before, but there was a point in time where I played it almost daily with my friend and any time it would break or have issues we would just kind of laugh and say ""well it's in early access,"" even if the issues ruined our games. However in its current state Phasmophobia is basically unplayable. It seems every time the game is updated it's shipped out in a worse and worse state, with unpolished content the community has been waiting years for. I literally just can't defend a game I can't even play.",English,Sufficient,Negative_only,Update_or_change,Technical_issue,High,,human_single,Aligned negative,"I can no longer recommend this game. It was hard to before, but there was a point in time where I played it almost daily with my friend and any time it would break or have issues we would just kind of laugh and say ""well it's in early access,"" even if the issues ruined our games. However in its current state Phasmophobia is basically unplayable. It seems every time the game is updated it's shipped out in a worse and worse state, with unpolished content the community has been waiting years for. I literally just can't defend a game I can't even play.",104,554,False,5.518656990529513,Veteran (100–300h),False,False,True,True,True,True,False
R0039,G0214,development,2026-06-13,Not Recommended,238.7,1,0,True,False,True,0.5,0.0,"This game was super super fun. Not a fan AT ALL of the customization update so far. The animations are way worse now for everything, character models barely got more customization. Super fun game if you can ignore all the new changes they made. If they went back to what they used to have or fix this my rating would go wayyyy up.",English,Sufficient,Mixed,Update_or_change,Technical_issue,High,,human_single,Qualified / mixed opinion,"This game was super super fun. Not a fan AT ALL of the customization update so far. The animations are way worse now for everything, character models barely got more customization. Super fun game if you can ignore all the new changes they made. If they went back to what they used to have or fix this my rating would go wayyyy up.",63,330,False,5.479388141440339,Veteran (100–300h),False,True,False,True,False,False,False
R0040,G0112,locked_test,2026-06-12,Recommended,35.4,0,0,True,False,True,0.5,0.0,Im scare ghost. Really feels real.,English,Sufficient,Positive_only,Gameplay_praise,,Medium,Praises immersive scares despite awkward phrasing.,human_agreed,Aligned positive,Im scare ghost. Really feels real.,6,34,False,3.594568774642695,Casual (10–50h),False,False,False,False,False,False,False
R0041,G0184,development,2026-06-09,Recommended,9.2,0,0,True,False,True,0.5,0.0,Spooky scary,English,Sufficient,Neutral_non_evaluative,General_evaluation,,Medium,,human_agreed,Non-evaluative text,Spooky scary,2,12,False,2.322387720290225,New (≤10h),False,False,False,True,False,False,True
R0042,G0098,development,2026-06-11,Recommended,32.0,0,0,True,False,True,0.5,0.0,I love this game I have been playing with my auntie and father and that makes it fun. but sometimes its very buggy but the moments are funny,English,Sufficient,Mixed,Gameplay_praise,Technical_issue,Medium,,human_single,Qualified / mixed opinion,I love this game I have been playing with my auntie and father and that makes it fun. but sometimes its very buggy but the moments are funny,28,140,False,3.4965075614664802,Casual (10–50h),False,False,False,True,False,False,False
R0043,G0129,development,2026-06-09,Not Recommended,44.5,1,0,True,False,True,0.5,0.0,"Its the most ok game ive played, the gameplay loops is identical for each run and the photo system is just poorly designed (just take the highest quality pictures only, its not hard Kinetic discarding photos is just unneeded). There is zero reason to use half the equipment or set up zones in a map because the ghost is usually just in a single room that almost never shifts. Difficulty has no real affect on ghost behavior other than aggression and is usually just handicaps on yourself stat wise like zero sanity or obnoxious modes like no evidence. All in all cool concept but wasted potential.",English,Sufficient,Negative_only,General_evaluation,,Medium,"Critiques several specific mechanics before an overall ""wasted potential"" verdict.",human_single,Aligned negative,"Its the most ok game ive played, the gameplay loops is identical for each run and the photo system is just poorly designed (just take the highest quality pictures only, its not hard Kinetic discarding photos is just unneeded). There is zero reason to use half the equipment or set up zones in a map because the ghost is usually just in a single room that almost never shifts. Difficulty has no real affect on ghost behavior other than aggression and is usually just handicaps on yourself stat wise like zero sanity or obnoxious modes like no evidence. All in all cool concept but wasted potential.",106,597,False,3.817712325956905,Casual (10–50h),False,False,False,False,False,False,False
R0044,G0237,development,2026-06-13,Not Recommended,180.2,1,0,False,False,True,0.5238095521926879,0.0,"Was fun at first but honestly got worse overtime, It feels like the developers are just holding the game hostage from the potential it once had. They went with a ductape/playful UI theme over a cool fanmade creepy themed concept UI posted on reddit a long time ago. They went with limited time events/twitch drops over spending more time on meaningful content updates. They went for a console release to delay every meaningful update rather than to finish the game first. Shipped low quality updates with a literal Star Wars text intro amount of bugs to just to meet a collab deadline. Mind you this game has been in early access for years and has earned millions, there is simply no excuse at this point lol",English,Sufficient,Negative_only,Update_or_change,Nostalgia_or_loss,High,,human_single,Aligned negative,"Was fun at first but honestly got worse overtime, It feels like the developers are just holding the game hostage from the potential it once had. They went with a ductape/playful UI theme over a cool fanmade creepy themed concept UI posted on reddit a long time ago. They went with limited time events/twitch drops over spending more time on meaningful content updates. They went for a console release to delay every meaningful update rather than to finish the game first. Shipped low quality updates with a literal Star Wars text intro amount of bugs to just to meet a collab deadline. Mind you this game has been in early access for years and has earned millions, there is simply no excuse at this point lol",126,708,False,5.199601393608879,Veteran (100–300h),False,True,True,True,False,False,False
R0045,G0158,development,2026-06-10,Not Recommended,111.6,1,0,True,False,True,0.52173912525177,0.0,PLEASE this is a bad update,English,Sufficient,Negative_only,Update_or_change,,High,,human_single,Aligned negative,PLEASE this is a bad update,6,27,False,4.72384171570559,Veteran (100–300h),False,True,False,False,True,False,False
R0046,G0245,development,2026-06-10,Recommended,40.1,0,0,True,True,True,0.5,0.0,yp,English,Insufficient,Not_applicable,Not_applicable,,Medium,Likely 'yep'; simple affirmation with no evaluative content.,human_single,Insufficient text,yp,1,2,False,3.716008121502189,Casual (10–50h),False,False,False,False,False,False,True
R0047,G0211,development,2026-06-12,Not Recommended,196.8,3,0,True,False,True,0.532710313796997,0.0,"this game should've taken place in a jungle, to reflect just how many bugs the game currently has. the player animations disaster was bad enough already, having to deal with the unholy amount of bugs that came with the update is just too much. so, don't buy this game unless you're willing to put up with ""unintended behaviors"" honestly, it would be very nice if they allowed us to play a version of the game before this update. or, even better but hella unlikely, modding/workshop support. to me, phasmo is a puzzle game, figuring out the ghost on 1 or no evidence is very fun. hate to leave a negative review on this game, but for now, use that money to buy monster hunter or something. valv- kinetic games, pls fix.",English,Sufficient,Mixed,Update_or_change,Technical_issue,High,Explicit praise for the core puzzle mechanic alongside strong criticism of the update's bugs.,human_adjudicated,Qualified / mixed opinion,"this game should've taken place in a jungle, to reflect just how many bugs the game currently has. the player animations disaster was bad enough already, having to deal with the unholy amount of bugs that came with the update is just too much. so, don't buy this game unless you're willing to put up with ""unintended behaviors"" honestly, it would be very nice if they allowed us to play a version of the game before this update. or, even better but hella unlikely, modding/workshop support. to me, phasmo is a puzzle game, figuring out the ghost on 1 or no evidence is very fun. hate to leave a negative review on this game, but for now, use that money to buy monster hunter or something. valv- kinetic games, pls fix.",131,718,False,5.287256419188612,Veteran (100–300h),False,True,True,True,True,False,False
R0048,G0121,development,2026-06-12,Not Recommended,118.8,2,0,True,False,True,0.5098039507865905,0.0,"Its a good game at all but the newest updates are very bad. Why would they change that much the maps. I am talking about 6 tanglewood drive, its was such a good map and now is trash. The game atmosphere was sooo much scarier before now its childs play",English,Sufficient,Negative_only,Update_or_change,Nostalgia_or_loss,High,,human_single,Aligned negative,"Its a good game at all but the newest updates are very bad. Why would they change that much the maps. I am talking about 6 tanglewood drive, its was such a good map and now is trash. The game atmosphere was sooo much scarier before now its childs play",50,251,False,4.785823685681349,Veteran (100–300h),False,True,False,True,True,False,False
R0049,G0008,development,2026-06-10,Recommended,45.1,0,0,True,False,True,0.5,0.0,:),English,Insufficient,Not_applicable,Not_applicable,,Low,"Only an emoji; no text ties it to the game, so no interpretable evaluative content.",human_adjudicated,Insufficient text,:),1,2,False,3.8308129500026027,Casual (10–50h),False,False,False,False,False,False,True
R0050,G0244,development,2026-06-10,Recommended,33.6,0,0,True,False,True,0.5,0.0,yes,English,Insufficient,Not_applicable,Not_applicable,,High,Single affirmation token with no evaluative content.,human_agreed,Insufficient text,yes,1,3,False,3.543853682063679,Casual (10–50h),False,False,False,False,False,False,True
R0051,G0035,development,2026-06-12,Not Recommended,465.0,4,2,True,False,True,0.5473250746726989,0.0,Can honestly say that since the character update. The game has gone downhill. I use to love playing this game every day with my friend and now it's just whenever we feel like playing it now. When events start and end. Kinetic doesn't remove all the event effects and details. You can see visuals still from previous events. Took them awhile just to get rid of the Easter visuals just before the Alan wake event and event that one was just bland and boring with no lobby trophy for completing it. When you hold a flashlight in the other hand you just look stupid holding it with the bone breaking physics. Why get rid of the shoulder light when having a flashlight in your inventory? Makes absolutely no sense to be holding it arm completely extended forward and in your view. Spirit box doesn't pick up your microphone that well now. Prior to character update. It always picked up my voice. After the update it hardly picks it up to the point I am yelling or having to turn my gain all the way up. Fix your game kinetic.,English,Sufficient,Negative_only,Update_or_change,Technical_issue,High,,human_single,Aligned negative,Can honestly say that since the character update. The game has gone downhill. I use to love playing this game every day with my friend and now it's just whenever we feel like playing it now. When events start and end. Kinetic doesn't remove all the event effects and details. You can see visuals still from previous events. Took them awhile just to get rid of the Easter visuals just before the Alan wake event and event that one was just bland and boring with no lobby trophy for completing it. When you hold a flashlight in the other hand you just look stupid holding it with the bone breaking physics. Why get rid of the shoulder light when having a flashlight in your inventory? Makes absolutely no sense to be holding it arm completely extended forward and in your view. Spirit box doesn't pick up your microphone that well now. Prior to character update. It always picked up my voice. After the update it hardly picks it up to the point I am yelling or having to turn my gain all the way up. Fix your game kinetic.,189,1020,False,6.144185634125646,Hardcore (>300h),False,True,False,True,True,True,False
R0052,G0125,development,2026-06-12,Recommended,12.1,0,0,True,False,True,0.5,0.0,its good,English,Sufficient,Positive_only,General_evaluation,,High,,human_single,Aligned positive,its good,2,8,False,2.5726122302071057,Casual (10–50h),False,False,False,True,False,False,True
R0053,G0003,development,2026-06-13,Recommended,20.2,0,0,True,False,True,0.5,0.0,.,English,Insufficient,Not_applicable,Not_applicable,,High,,human_single,Insufficient text,.,1,1,False,3.054001181677967,Casual (10–50h),False,False,False,False,False,False,True
R0054,G0195,development,2026-06-12,Recommended,39.1,0,0,True,False,True,0.5,0.0,The game is fun just a bit buggy but still pretty good.,English,Sufficient,Mixed,Gameplay_praise,Technical_issue,High,,human_single,Qualified / mixed opinion,The game is fun just a bit buggy but still pretty good.,12,55,False,3.6913763343125234,Casual (10–50h),False,False,False,True,False,False,False
R0055,G0093,development,2026-06-13,Recommended,15.7,0,0,True,False,True,0.5,0.0,i like this game but it is very hard,English,Sufficient,Mixed,General_evaluation,,High,,human_single,Qualified / mixed opinion,i like this game but it is very hard,9,36,False,2.8154087194227095,Casual (10–50h),False,False,False,False,False,False,False
R0056,G0126,development,2026-06-10,Recommended,60.5,0,0,True,False,True,0.5,0.0,its good but got boring quickly,English,Sufficient,Mixed,General_evaluation,,High,,human_single,Qualified / mixed opinion,its good but got boring quickly,6,31,False,4.119037174812473,Regular (50–100h),False,False,False,True,True,False,False
R0057,G0219,development,2026-06-13,Not Recommended,6.0,1,0,True,False,True,0.5161290168762207,0.0,"too lagy, too big, somehow always crashes, too slow. good game, but i have a bad pc",English,Sufficient,Mixed,Technical_issue,,High,,human_agreed,Qualified / mixed opinion,"too lagy, too big, somehow always crashes, too slow. good game, but i have a bad pc",17,83,False,1.9459101490553132,New (≤10h),False,False,True,True,True,False,False
R0058,G0024,locked_test,2026-06-13,Recommended,15.3,0,0,True,False,True,0.5,0.0,best,English,Sufficient,Positive_only,General_evaluation,,Medium,Terse superlative; positive but unspecific.,human_agreed,Aligned positive,best,1,4,False,2.791165107812717,Casual (10–50h),False,False,False,True,False,False,True
R0059,G0209,development,2026-06-12,Recommended,41.1,1,0,True,False,True,0.52173912525177,0.0,this game makes me afraid of ghosts. It's like i have Phasmophobia,English,Sufficient,Neutral_non_evaluative,Humor_or_meme,,Medium,Wordplay/pun on the game's title; not a clear evaluative claim.,human_single,Non-evaluative text,this game makes me afraid of ghosts. It's like i have Phasmophobia,12,66,False,3.7400477406883357,Casual (10–50h),False,False,False,False,False,False,False
R0060,G0020,development,2026-06-09,Recommended,202.3,0,0,False,False,True,0.5,0.0,Are you my grandmother?,English,Sufficient,Neutral_non_evaluative,Humor_or_meme,,Low,Unclear in-joke/reference; not evaluative.,human_single,Non-evaluative text,Are you my grandmother?,4,23,False,5.314682720634301,Veteran (100–300h),False,False,False,False,False,False,True
R0061,G0247,development,2026-06-10,Recommended,94.6,0,0,True,False,True,0.4761904776096343,0.0,zxcvb,English,Insufficient,Not_applicable,Not_applicable,,High,Keyboard-mash gibberish.,human_single,Insufficient text,zxcvb,1,5,False,4.560172820057356,Regular (50–100h),False,False,False,False,False,False,True
R0062,G0190,locked_test,2026-06-11,Recommended,75.4,0,0,True,False,True,0.5,0.0,"Such an amazing game, one of the games I can play for hours.",English,Sufficient,Positive_only,Gameplay_praise,,High,,human_agreed,Aligned positive,"Such an amazing game, one of the games I can play for hours.",13,60,False,4.335982696172475,Regular (50–100h),False,False,False,True,False,False,False
R0063,G0130,development,2026-06-09,Not Recommended,179.6,0,0,True,False,True,0.5,0.0,just not a good game. has been stagnant for a long time and the last update just feels lazy and unpolished,English,Sufficient,Negative_only,Update_or_change,,High,,human_single,Aligned negative,just not a good game. has been stagnant for a long time and the last update just feels lazy and unpolished,21,106,False,5.196284640982885,Veteran (100–300h),False,True,False,True,False,False,False
R0064,G0115,development,2026-06-11,Recommended,46.4,0,0,True,False,True,0.5,0.0,it is a great game to play and really gives the horror vibe while ghost hunting,English,Sufficient,Positive_only,Gameplay_praise,,High,,human_agreed,Aligned positive,it is a great game to play and really gives the horror vibe while ghost hunting,16,79,False,3.858622228701031,Casual (10–50h),False,False,False,True,False,False,False
R0065,G0079,development,2026-06-11,Recommended,22.3,0,0,True,False,True,0.5,0.0,Great with friends,English,Sufficient,Positive_only,Gameplay_praise,,High,,human_single,Aligned positive,Great with friends,3,18,False,3.1484533605716547,Casual (10–50h),False,False,False,True,False,False,True
R0066,G0234,development,2026-06-11,Recommended,17.3,0,0,True,False,True,0.5,0.0,w game,English,Sufficient,Positive_only,General_evaluation,,Medium,,human_single,Aligned positive,w game,2,6,False,2.9069010598473755,Casual (10–50h),False,False,False,False,False,False,True
R0067,G0170,development,2026-06-11,Recommended,36.4,0,0,True,False,True,0.5,0.0,saw friend bug out of hiding spot ghost caught him his body flew away 10/10 would fly again,English,Sufficient,Positive_only,Humor_or_meme,Gameplay_praise,Medium,,human_single,Aligned positive,saw friend bug out of hiding spot ghost caught him his body flew away 10/10 would fly again,18,91,False,3.6216707044204863,Casual (10–50h),False,False,True,False,False,False,False
R0068,G0048,development,2026-06-12,Recommended,33.5,0,0,True,False,True,0.5,0.0,fire,English,Sufficient,Positive_only,General_evaluation,,Medium,Slang for excellent.,human_single,Aligned positive,fire,1,4,False,3.5409593240373143,Casual (10–50h),False,False,False,False,False,False,True
R0069,G0159,development,2026-06-09,Recommended,34.7,0,0,True,False,True,0.5,0.0,Pls don't play this for long cause when you do.. you can never lose.,English,Sufficient,Neutral_non_evaluative,Other,,Low,Cryptic warning/joke; unclear evaluative intent.,human_single,Non-evaluative text,Pls don't play this for long cause when you do.. you can never lose.,14,68,False,3.5751506887855933,Casual (10–50h),False,False,False,False,False,False,False
R0070,G0097,locked_test,2026-06-13,Recommended,174.4,0,0,True,False,True,0.5,0.0,i love this game i got killed by a ♥♥♥♥♥♥♥ deo and i slamed my desk and it broke 10/10 recommended if u wanna kill ur self,English,Sufficient,Positive_only,Humor_or_meme,Gameplay_praise,Medium,Praise expressed through exaggerated/crude humor.,human_agreed,Aligned positive,i love this game i got killed by a ♥♥♥♥♥♥♥ deo and i slamed my desk and it broke 10/10 recommended if u wanna kill ur self,27,122,False,5.1670690799380825,Veteran (100–300h),False,False,False,True,False,False,False
R0071,G0231,development,2026-06-11,Recommended,22.1,0,0,True,False,True,0.5,0.0,"Very fun with friends, the amount of content is a good amount, and overall a very well put together game",English,Sufficient,Positive_only,Gameplay_praise,,High,,human_single,Aligned positive,"Very fun with friends, the amount of content is a good amount, and overall a very well put together game",20,104,False,3.139832617527748,Casual (10–50h),False,False,False,True,False,False,False
R0072,G0128,development,2026-06-12,Recommended,1.7,0,0,True,False,True,0.5,0.0,its scary,English,Sufficient,Neutral_non_evaluative,General_evaluation,,Medium,,human_single,Non-evaluative text,its scary,2,9,False,0.9932517730102833,New (≤10h),False,False,False,True,False,False,True
R0073,G0014,development,2026-06-11,Not Recommended,272.4,1,0,True,False,True,0.5098039507865905,0.0,A social game that's outworn it's welcome.,English,Sufficient,Negative_only,Nostalgia_or_loss,,Medium,,human_single,Aligned negative,A social game that's outworn it's welcome.,7,42,False,5.610935924289849,Veteran (100–300h),False,False,False,False,False,False,False
R0074,G0094,development,2026-06-12,Recommended,75.2,0,0,True,False,True,0.5,0.0,I LOVE IT,English,Sufficient,Positive_only,General_evaluation,,High,,human_single,Aligned positive,I LOVE IT,3,9,False,4.333361462692601,Regular (50–100h),False,False,False,True,False,False,True
R0075,G0182,development,2026-06-09,Recommended,7.5,0,0,True,False,True,0.5,0.0,spooky,English,Sufficient,Neutral_non_evaluative,General_evaluation,,Medium,,human_single,Non-evaluative text,spooky,1,6,False,2.1400661634962708,New (≤10h),False,False,False,False,False,False,True
R0076,G0043,development,2026-06-11,Recommended,31.0,0,0,False,False,True,0.4750698506832122,0.0,espooky 10/10,English,Sufficient,Positive_only,Gameplay_praise,,Medium,,human_single,Aligned positive,espooky 10/10,2,13,False,3.4657359027997265,Casual (10–50h),False,False,False,False,False,False,True
R0077,G0007,development,2026-06-11,Recommended,86.3,0,0,True,False,True,0.5,0.0,"86 hours of my daily life wasted on this game, its pretty fun.",English,Sufficient,Positive_only,Gameplay_praise,,Medium,Self-deprecating framing ('wasted') but explicitly calls it 'pretty fun'.,human_single,Aligned positive,"86 hours of my daily life wasted on this game, its pretty fun.",13,62,False,4.469350462845557,Regular (50–100h),False,False,False,True,False,False,False
R0078,G0217,development,2026-06-10,Not Recommended,170.3,2,0,True,False,True,0.485612004995346,0.0,This is like when Todd Howard promised a polished fallout 76 at Gamecon 2018 and then he just didn't do it because he is the absoloute worse. Lucky for him Kinetic games is now worse I would rather play Raft at least its playable. I give this pre-update 1 Tom out of Jerry and I give after update 1 danny devito out of 10000 godfather part 2,English,Sufficient,Negative_only,Update_or_change,Humor_or_meme,Medium,Sarcastic pop-culture comparison; core claim is negative about the post-update state.,human_single,Aligned negative,This is like when Todd Howard promised a polished fallout 76 at Gamecon 2018 and then he just didn't do it because he is the absoloute worse. Lucky for him Kinetic games is now worse I would rather play Raft at least its playable. I give this pre-update 1 Tom out of Jerry and I give after update 1 danny devito out of 10000 godfather part 2,67,341,False,5.143416405330075,Veteran (100–300h),False,True,False,False,False,False,False
R0079,G0135,locked_test,2026-06-11,Recommended,83.3,0,0,True,False,True,0.5,0.0,love the game just a few bugs that hopefully will be fixed soon equipment falling through the floor when a team mate drops it when switching equipment sometimes gets stuck down by your side,English,Sufficient,Mixed,Gameplay_praise,Technical_issue,High,,human_agreed,Qualified / mixed opinion,love the game just a few bugs that hopefully will be fixed soon equipment falling through the floor when a team mate drops it when switching equipment sometimes gets stuck down by your side,34,189,False,4.4343818650078095,Regular (50–100h),False,False,True,True,False,False,False
R0080,G0210,development,2026-06-11,Not Recommended,28.6,5,0,True,False,True,0.5354852080345153,0.0,"This game really use to be great. There's a reason why I keep coming back to play it. However, the last few updates have really ruined the game. From broken models to trash immersion features. In all honesty, the game just looks terrible now. If you hold something in your character's hand and get close to your friend's face your arm suddenly looks smaller than their head. Do they just add things and expect them to work or look good? Whatever passion or care the devs put into the game has vanished. It feels like the devs don't even care about this game anymore. There are some aspects of the game that still feel the same. However, I feel like it's getting harder to recommend this game to my other friends. If the devs continue on this route, I may just stop playing.",English,Sufficient,Negative_only,Nostalgia_or_loss,Update_or_change,High,,human_single,Aligned negative,"This game really use to be great. There's a reason why I keep coming back to play it. However, the last few updates have really ruined the game. From broken models to trash immersion features. In all honesty, the game just looks terrible now. If you hold something in your character's hand and get close to your friend's face your arm suddenly looks smaller than their head. Do they just add things and expect them to work or look good? Whatever passion or care the devs put into the game has vanished. It feels like the devs don't even care about this game anymore. There are some aspects of the game that still feel the same. However, I feel like it's getting harder to recommend this game to my other friends. If the devs continue on this route, I may just stop playing.",143,773,False,3.3877743613300146,Casual (10–50h),False,True,True,True,True,True,False
R0081,G0208,development,2026-06-12,Recommended,50.0,0,0,True,False,True,0.4724409580230712,0.0,THIS GAME IS LOWKEY KINDA GOOD AND IF YOU DON'T LIKE IT YOU POOPY BUMBUM OOGA BOOGA,English,Sufficient,Positive_only,General_evaluation,,Medium,Crude phrasing but clearly positive ('lowkey kinda good').,human_single,Aligned positive,THIS GAME IS LOWKEY KINDA GOOD AND IF YOU DON'T LIKE IT YOU POOPY BUMBUM OOGA BOOGA,17,83,False,3.9318256327243257,Casual (10–50h),False,False,False,True,False,False,False
R0082,G0103,development,2026-06-12,Not Recommended,652.9,0,0,True,False,True,0.5,0.0,"I still have not let Steam update Phasmo to the latest horrible Alan Wake mess, that's why I think it's still good.",English,Sufficient,Mixed,Update_or_change,,Medium,Implies liking the game only by avoiding a disliked update.,human_single,Qualified / mixed opinion,"I still have not let Steam update Phasmo to the latest horrible Alan Wake mess, that's why I think it's still good.",22,115,False,6.4829544345672305,Hardcore (>300h),False,True,False,True,False,False,False
R0083,G0239,locked_test,2026-06-11,Recommended,66.5,0,0,False,False,True,0.5,0.0,"Who ya gonna call? Not the ghost busters, they're really expensive. Just get the local occult culb to deal with it.",English,Sufficient,Neutral_non_evaluative,Humor_or_meme,,Low,Joke referencing Ghostbusters; not a direct evaluation of the game.,human_agreed,Non-evaluative text,"Who ya gonna call? Not the ghost busters, they're really expensive. Just get the local occult culb to deal with it.",21,115,False,4.212127597878484,Regular (50–100h),False,False,False,False,False,False,False
R0084,G0070,development,2026-06-13,Recommended,53.0,0,0,True,False,True,0.5,0.0,GOODDDDDDDDDDDDDDDDDDDDDDDDDDDDDDDDDDDDDDDDDDDDDDDDDDDDDDDDDDDDDDDDDDDDDDDDDDDDDDDDDDDDDDDDDDDDDDDDDDDDDDDDDDDDDDDDDDDDDDDDDDDDDDDDDDDDDDDDDDDDDDDDDDDDDDDDDDDDDDDDDDDDDDDDDDDDDDDDDDDDDDDDDDDDDDDDDDDDDDDDDDDDDDDDDDDDDDD,English,Sufficient,Positive_only,General_evaluation,,Medium,Emphatic repeated letters but a single positive claim.,human_single,Aligned positive,GOODDDDDDDDDDDDDDDDDDDDDDDDDDDDDDDDDDDDDDDDDDDDDDDDDDDDDDDDDDDDDDDDDDDDDDDDDDDDDDDDDDDDDDDDDDDDDDDDDDDDDDDDDDDDDDDDDDDDDDDDDDDDDDDDDDDDDDDDDDDDDDDDDDDDDDDDDDDDDDDDDDDDDDDDDDDDDDDDDDDDDDDDDDDDDDDDDDDDDDDDDDDDDDDDDDDDDDD,1,218,False,3.9889840465642745,Regular (50–100h),False,False,False,False,False,False,True
R0085,G0074,development,2026-06-12,Recommended,43.4,0,0,True,False,True,0.5,0.0,great game,English,Sufficient,Positive_only,General_evaluation,,High,,human_single,Aligned positive,great game,2,10,False,3.7932394694381792,Casual (10–50h),False,False,False,True,False,False,True
R0086,G0220,locked_test,2026-06-10,Recommended,6.8,0,0,True,False,True,0.5,1.0,Ts IS gas.,English,Sufficient,Positive_only,General_evaluation,,Low,Slang 'gas' for excellent.,human_agreed,Aligned positive,Ts IS gas.,3,10,False,2.0541237336955462,New (≤10h),False,False,False,False,False,False,True
R0087,G0176,development,2026-06-12,Recommended,30.4,0,0,True,False,True,0.5,0.0,scary?,English,Insufficient,Not_applicable,Not_applicable,,High,"Question only, no interpretable evaluative claim.",human_single,Insufficient text,scary?,1,6,False,3.4468078929142076,Casual (10–50h),False,False,False,True,False,False,True
R0088,G0066,development,2026-06-10,Recommended,16.3,0,0,True,False,True,0.5,0.0,good game horror true best game not bad truly happy me my pant wet too,English,Sufficient,Positive_only,Gameplay_praise,,Medium,Informal phrasing but overall clearly positive/enthusiastic.,human_single,Aligned positive,good game horror true best game not bad truly happy me my pant wet too,15,70,False,2.8507065015037334,Casual (10–50h),False,False,False,True,True,False,False
R0089,G0234,development,2026-06-11,Recommended,4.9,0,0,True,True,True,0.5,0.0,W Game,English,Sufficient,Positive_only,General_evaluation,,Medium,,human_single,Aligned positive,W Game,2,6,False,1.7749523509116738,New (≤10h),False,False,False,False,False,False,True
R0090,G0053,development,2026-06-11,Recommended,61.0,0,0,True,False,True,0.5,0.0,fun and yes,English,Sufficient,Positive_only,General_evaluation,,Medium,,human_single,Aligned positive,fun and yes,3,11,False,4.127134385045092,Regular (50–100h),False,False,False,True,False,False,True
R0091,G0087,locked_test,2026-06-09,Recommended,70.9,0,0,True,False,True,0.5,0.0,i dont know why these things are so angry murder is a bit much,English,Sufficient,Neutral_non_evaluative,Other,,Low,"Comments on in-game ghost aggression; unclear if praise, complaint, or plain observation.",human_agreed,Non-evaluative text,i dont know why these things are so angry murder is a bit much,14,62,False,4.275276264727001,Regular (50–100h),False,False,False,False,False,False,False
R0092,G0174,development,2026-06-10,Recommended,8.5,0,0,True,False,True,0.5,0.0,scary but good... great... awsome.... THE BEST!,English,Sufficient,Positive_only,Gameplay_praise,,High,,human_single,Aligned positive,scary but good... great... awsome.... THE BEST!,7,47,False,2.2512917986064953,New (≤10h),False,False,False,True,False,False,False
R0093,G0197,development,2026-06-10,Recommended,0.9,0,0,False,False,True,0.5,2.0,the grass was to green so i knew it was a jyn my freind said nah we whent insinde and i had ghostdih go in to a bad place in my body 10/10 experince i would do again,English,Sufficient,Positive_only,Humor_or_meme,Gameplay_praise,Low,"Garbled/phonetic spelling makes exact meaning uncertain, but tone and '10/10' rating are clearly positive.",human_single,Aligned positive,the grass was to green so i knew it was a jyn my freind said nah we whent insinde and i had ghostdih go in to a bad place in my body 10/10 experince i would do again,38,165,False,0.6418538861723948,New (≤10h),False,False,False,False,True,False,False
R0094,G0111,development,2026-06-12,Not Recommended,5.0,1,0,True,False,True,0.5,0.0,"If you want an example of a negative review for Phasmophobia, you could write something like: Phasmophobia has an interesting concept, but after a few hours the gameplay becomes repetitive. Most investigations feel very similar, and collecting evidence can turn into a slow routine rather than a tense horror experience. The ghost AI can sometimes feel inconsistent, making deaths seem unfair rather than scary. The voice recognition feature is a cool idea, but it doesn't always work reliably for every player. While the game is fun with friends, playing solo can feel tedious, and the amount of content may not justify the long grind for progression. Overall, it has some great moments, but it can become boring and frustrating over time. This is just an example opinion, not an objective assessment.",English,Sufficient,Mixed,General_evaluation,,Low,"Framed as a hypothetical example ('you could write...this is just an example opinion') rather than a direct first-person review, but the content itself is specific and evaluative.",human_single,Qualified / mixed opinion,"If you want an example of a negative review for Phasmophobia, you could write something like: Phasmophobia has an interesting concept, but after a few hours the gameplay becomes repetitive. Most investigations feel very similar, and collecting evidence can turn into a slow routine rather than a tense horror experience. The ghost AI can sometimes feel inconsistent, making deaths seem unfair rather than scary. The voice recognition feature is a cool idea, but it doesn't always work reliably for every player. While the game is fun with friends, playing solo can feel tedious, and the amount of content may not justify the long grind for progression. Overall, it has some great moments, but it can become boring and frustrating over time. This is just an example opinion, not an objective assessment.",131,802,False,1.791759469228055,New (≤10h),False,False,False,True,True,False,False
R0095,G0116,locked_test,2026-06-13,Recommended,37.1,0,0,True,False,True,0.5,0.0,it is fun but scary at the same time its also better to play with friends for a good time while playing and the game ahs good graphics and is really good overall thank you. bye bye,English,Sufficient,Positive_only,Gameplay_praise,,High,,human_agreed,Aligned positive,it is fun but scary at the same time its also better to play with friends for a good time while playing and the game ahs good graphics and is really good overall thank you. bye bye,37,180,False,3.6402142821326553,Casual (10–50h),False,False,False,True,False,False,False
R0096,G0133,locked_test,2026-06-13,Recommended,8.1,0,0,False,False,True,0.5,0.0,"light work, no reaction",English,Insufficient,Not_applicable,Not_applicable,,Low,"Cryptic phrase; unclear if 'no reaction' means broken or simply easy, so no confident evaluative read.",human_adjudicated,Insufficient text,"light work, no reaction",4,23,False,2.2082744135228043,New (≤10h),False,False,False,False,False,False,True
R0097,G0206,locked_test,2026-06-10,Recommended,17.5,0,0,False,False,True,0.5,0.0,"This game is a fun game to play with friends. The learning curve is difficult early on, but as you get more accustomed to the game and higher level equipment, it becomes more fun.",English,Sufficient,Positive_only,Gameplay_praise,,High,,human_agreed,Aligned positive,"This game is a fun game to play with friends. The learning curve is difficult early on, but as you get more accustomed to the game and higher level equipment, it becomes more fun.",34,179,False,2.917770732084279,Casual (10–50h),False,False,False,True,False,False,False
R0098,G0107,development,2026-06-12,Recommended,12.9,0,0,True,False,True,0.5,0.0,I would recommend this game to others. I recommend this game.,English,Sufficient,Positive_only,General_evaluation,,High,,human_single,Aligned positive,I would recommend this game to others. I recommend this game.,11,61,False,2.631888840136646,Casual (10–50h),False,False,False,True,False,False,False
R0099,G0110,development,2026-06-12,Recommended,66.6,0,0,True,False,True,0.5,0.0,I've literally played this game for 66.6 hours. Thats on theme for this game. I'm sad that the next time I play it will roll over but just know this game is incredibly fun and challenging + the community is like no other. I've made several friends just playing this game in public lobbies. ENJOY!,English,Sufficient,Positive_only,Gameplay_praise,Humor_or_meme,High,,human_single,Aligned positive,I've literally played this game for 66.6 hours. Thats on theme for this game. I'm sad that the next time I play it will roll over but just know this game is incredibly fun and challenging + the community is like no other. I've made several friends just playing this game in public lobbies. ENJOY!,55,296,False,4.213607983048918,Regular (50–100h),False,False,False,True,True,False,False
R0100,G0123,development,2026-06-12,Recommended,5.1,0,0,True,False,True,0.4977664649486541,0.0,its fun and i wish people on playstation dont have to get playstation plus just to play with anyone on multiplayer.,English,Sufficient,Mixed,Feature_request,,Medium,,human_single,Qualified / mixed opinion,its fun and i wish people on playstation dont have to get playstation plus just to play with anyone on multiplayer.,21,115,False,1.8082887711792655,New (≤10h),False,False,False,True,False,False,False
R0101,G0092,development,2026-06-10,Recommended,60.0,0,0,True,False,True,0.5,0.0,i like,English,Sufficient,Positive_only,General_evaluation,,Medium,"Brief and lacks a stated object, but conveys a positive judgement.",human_agreed,Aligned positive,i like,2,6,False,4.110873864173311,Regular (50–100h),False,False,False,False,False,False,True
R0102,G0122,development,2026-06-10,Recommended,146.9,0,0,True,False,True,0.5,0.0,its a very good game but i think they made the game a bit worse with tangle wood,English,Sufficient,Mixed,Update_or_change,,High,,human_single,Qualified / mixed opinion,its a very good game but i think they made the game a bit worse with tangle wood,18,80,False,4.996536369716754,Veteran (100–300h),False,False,False,True,False,False,False
R0103,G0063,development,2026-06-11,Recommended,126.1,0,1,True,False,True,0.5,0.0,gogo gaga,English,Insufficient,Not_applicable,Not_applicable,,High,Nonsensical/gibberish.,human_single,Insufficient text,gogo gaga,2,9,False,4.844974178195408,Veteran (100–300h),False,False,False,False,False,False,True
R0104,G0113,locked_test,2026-06-13,Recommended,32.1,0,0,False,True,True,0.5,0.0,is scary,English,Sufficient,Neutral_non_evaluative,General_evaluation,,Medium,,human_agreed,Non-evaluative text,is scary,2,8,False,3.4995332823830174,Casual (10–50h),False,False,False,True,False,False,True
R0105,G0157,development,2026-06-12,Not Recommended,161.6,3,0,True,False,True,0.532710313796997,0.0,"Please PLEASE Revert the update, it isn't fun and the list of bugs is way too many... The animations are not fun, if anything they can get you killed, it takes too long to shift through your items. The extra time is not needed, I understand and respect that you guys wanted change, and i'm sure you all worked many many hours for it, but for the gaming side of it, it just is not fun. I miss old phasmo... I can't recommend this game, not right now at least. If something good happens though I will change my review.",English,Sufficient,Negative_only,Update_or_change,Nostalgia_or_loss,High,,human_single,Aligned negative,"Please PLEASE Revert the update, it isn't fun and the list of bugs is way too many... The animations are not fun, if anything they can get you killed, it takes too long to shift through your items. The extra time is not needed, I understand and respect that you guys wanted change, and i'm sure you all worked many many hours for it, but for the gaming side of it, it just is not fun. I miss old phasmo... I can't recommend this game, not right now at least. If something good happens though I will change my review.",100,516,False,5.0912931971137105,Veteran (100–300h),False,True,True,True,False,True,False
R0106,G0077,development,2026-06-11,Recommended,6.2,0,0,True,False,True,0.5,0.0,Great game! honestly pretty scary and a great difficulty to play. lots of fun with friends but scary alone lol,English,Sufficient,Positive_only,Gameplay_praise,,High,,human_single,Aligned positive,Great game! honestly pretty scary and a great difficulty to play. lots of fun with friends but scary alone lol,20,110,False,1.9740810260220096,New (≤10h),False,False,False,True,False,False,False
R0107,G0241,locked_test,2026-06-12,Not Recommended,5.5,2,0,True,False,True,0.4910714328289031,0.0,Worst slop ive ever played holy boring ass game Name simulator say the ghost name maybe 100 times and something will finally happen. keep this game in early access don't release this dog piss game,English,Sufficient,Negative_only,General_evaluation,,High,,human_agreed,Aligned negative,Worst slop ive ever played holy boring ass game Name simulator say the ghost name maybe 100 times and something will finally happen. keep this game in early access don't release this dog piss game,35,196,False,1.8718021769015913,New (≤10h),False,False,False,False,True,False,False
R0108,G0148,development,2026-06-09,Recommended,7.2,0,0,False,True,True,0.5,0.0,"peak, got gifted it and even better",English,Sufficient,Positive_only,General_evaluation,,Medium,'Peak' is slang for excellent.,human_single,Aligned positive,"peak, got gifted it and even better",7,35,False,2.1041341542702074,New (≤10h),False,False,False,False,False,False,False
R0109,G0238,development,2026-06-11,Not Recommended,196.4,3,0,False,False,True,0.5,0.0,"Was fun before the latest updates, now it's just ♥♥♥♥",English,Sufficient,Negative_only,Update_or_change,,High,,human_single,Aligned negative,"Was fun before the latest updates, now it's just ♥♥♥♥",10,53,False,5.285232126999381,Veteran (100–300h),False,True,False,True,False,False,False
R0110,G0025,development,2026-06-10,Recommended,15.0,0,0,True,False,True,0.5,0.0,best co-op horror game i have been ever seen to play with friends but this game contains many glitches and bugs that makes users experience a little bit bad and i hope they will fix the bugs and glitches,English,Sufficient,Mixed,Gameplay_praise,Technical_issue,High,,human_agreed,Qualified / mixed opinion,best co-op horror game i have been ever seen to play with friends but this game contains many glitches and bugs that makes users experience a little bit bad and i hope they will fix the bugs and glitches,39,203,False,2.772588722239781,Casual (10–50h),False,False,True,True,True,False,False
R0111,G0089,locked_test,2026-06-10,Not Recommended,39.8,1,0,True,False,True,0.5021392703056335,0.0,"I got this game when it came out on console years ago and had so much fun with my friends. When I a computer and repurchased it I continued to play it with my friends up until this fall when I took a break. At that point the game was a little janky but it was almost perfectly fine. Never would I expect that the developers wanted to regress their game back to alpha by feeding it bugs and premade models that look like ♥♥♥♥. This game has been in early access for 6 years and it's only gotten worse with every update. They new character models are just edgy guys which really tight jeans and eyebrow piercings. They should just bring back the normal looking people instead of Joe Shmo emo mgee On the topic of new, all of the tools are smaller and look stupid. Half the time when I pull out my flashlight it stays on my toolbelt and I have a floating hand of light. The tier 1 thermo is impossible to read because of size so you might as well ignore temp and interacting with anything plays this dumb ♥♥♥♥♥♥♥ animation that looks like your fingering something?! Why? I never thought I would get angry a game becoming worse but this isn't a AAA studio. Why aren't they taking player criticism? More ghost interactions happen and the new ghost behavers are chatgpt brainstorms thrown under burning elephant ♥♥♥♥. They next update should be called Undo2.0 or sell GameToOtherStudio2.0. I was playing the other day and saw an events thing pop up. Wtf is that this isn't Fortnite. The new events allow you to get limited time clothes that look like ♥♥♥♥ and require playing a separate challenge mode. I wouldn't recommend buying this game until the devs get off crystal start releasing updates that benefit the game. Just wait until it gets out of early release.",English,Sufficient,Mixed,Update_or_change,Technical_issue,Medium,Substantial past praise (fun with friends) alongside dominant present criticism of updates.,human_adjudicated,Qualified / mixed opinion,"I got this game when it came out on console years ago and had so much fun with my friends. When I a computer and repurchased it I continued to play it with my friends up until this fall when I took a break. At that point the game was a little janky but it was almost perfectly fine. Never would I expect that the developers wanted to regress their game back to alpha by feeding it bugs and premade models that look like ♥♥♥♥. This game has been in early access for 6 years and it's only gotten worse with every update. They new character models are just edgy guys which really tight jeans and eyebrow piercings. They should just bring back the normal looking people instead of Joe Shmo emo mgee On the topic of new, all of the tools are smaller and look stupid. Half the time when I pull out my flashlight it stays on my toolbelt and I have a floating hand of light. The tier 1 thermo is impossible to read because of size so you might as well ignore temp and interacting with anything plays this dumb ♥♥♥♥♥♥♥ animation that looks like your fingering something?! Why? I never thought I would get angry a game becoming worse but this isn't a AAA studio. Why aren't they taking player criticism? More ghost interactions happen and the new ghost behavers are chatgpt brainstorms thrown under burning elephant ♥♥♥♥. They next update should be called Undo2.0 or sell GameToOtherStudio2.0. I was playing the other day and saw an events thing pop up. Wtf is that this isn't Fortnite. The new events allow you to get limited time clothes that look like ♥♥♥♥ and require playing a separate challenge mode. I wouldn't recommend buying this game until the devs get off crystal start releasing updates that benefit the game. Just wait until it gets out of early release.",321,1758,False,3.708682081410116,Casual (10–50h),False,True,True,True,False,True,False
R0112,G0117,locked_test,2026-06-12,Recommended,124.7,0,0,False,False,True,0.5,0.0,it was good before new update sucks make settings to change things back to original,English,Sufficient,Mixed,Update_or_change,,High,,human_agreed,Qualified / mixed opinion,it was good before new update sucks make settings to change things back to original,15,83,False,4.8338981155962015,Veteran (100–300h),False,True,False,True,False,False,False
R0113,G0064,development,2026-06-12,Recommended,10.1,0,0,True,False,True,0.4977664649486541,0.0,good,English,Sufficient,Positive_only,General_evaluation,,High,,human_single,Aligned positive,good,1,4,False,2.4069451083182885,Casual (10–50h),False,False,False,True,False,False,True
R0114,G0012,development,2026-06-11,Recommended,22.6,0,0,True,False,True,0.5,0.0,A great game when played with friends. Scary and funny at the same time. Highly recommend!,English,Sufficient,Positive_only,Gameplay_praise,,High,,human_single,Aligned positive,A great game when played with friends. Scary and funny at the same time. Highly recommend!,16,90,False,3.1612467120315646,Casual (10–50h),False,False,False,True,False,False,False
R0115,G0090,development,2026-06-11,Recommended,70.9,0,0,True,False,True,0.5,0.0,"I have played Phasmophobia for years and I cannot believe I haven't wrote a review about it yet. This game is the game my sister and I always come back to when we want to play a game together with our friend. She lives in Europe and I am in the US so this is how we get to connect when we feel like we need some good sister time in. Despite playing this for about 5 years now, it doesn't feel repetitive to me at all. It's always a good time. We get some good laughs in while playing (of course the bulk of the humor is because I tend to get hunted ALL THE TIME). I have been enjoying watching this game expand and update. This game has been great since the start and I will always keep coming back for more. I can't wait to keep watching this game grow and update. It's a spooky good time. 10/10",English,Sufficient,Positive_only,Gameplay_praise,,High,,human_single,Aligned positive,"I have played Phasmophobia for years and I cannot believe I haven't wrote a review about it yet. This game is the game my sister and I always come back to when we want to play a game together with our friend. She lives in Europe and I am in the US so this is how we get to connect when we feel like we need some good sister time in. Despite playing this for about 5 years now, it doesn't feel repetitive to me at all. It's always a good time. We get some good laughs in while playing (of course the bulk of the humor is because I tend to get hunted ALL THE TIME). I have been enjoying watching this game expand and update. This game has been great since the start and I will always keep coming back for more. I can't wait to keep watching this game grow and update. It's a spooky good time. 10/10",161,796,False,4.275276264727001,Regular (50–100h),False,True,False,True,False,False,False
R0116,G0229,locked_test,2026-06-11,Recommended,8.8,0,0,True,False,True,0.5,0.0,very fun but make sure u play with friends,English,Sufficient,Positive_only,Gameplay_praise,,High,,human_agreed,Aligned positive,very fun but make sure u play with friends,9,42,False,2.2823823856765264,New (≤10h),False,False,False,True,False,False,False
R0117,G0169,development,2026-06-10,Not Recommended,31.0,1,0,True,False,True,0.5238095521926879,0.0,Ruined it,English,Sufficient,Negative_only,Update_or_change,,Medium,"Terse; assumed to reference an update given similar reviews, but no explicit object is stated.",human_single,Aligned negative,Ruined it,2,9,False,3.4657359027997265,Casual (10–50h),False,False,False,False,True,False,True
R0118,G0001,locked_test,2026-06-13,Recommended,43.9,0,0,True,False,True,0.5,0.0,"""I wonder if its a deogen"" famous last words",English,Sufficient,Neutral_non_evaluative,Humor_or_meme,,Medium,"In-joke about a ghost type; humorous, not evaluative.",human_agreed,Non-evaluative text,"""I wonder if its a deogen"" famous last words",9,44,False,3.8044377947482086,Casual (10–50h),False,False,False,False,False,False,False
R0119,G0132,development,2026-06-09,Recommended,25.9,0,0,True,False,True,0.5,0.0,"learning curve is tough, but fun with friends",English,Sufficient,Positive_only,Gameplay_praise,,High,,human_single,Aligned positive,"learning curve is tough, but fun with friends",8,45,False,3.292126286607793,Casual (10–50h),False,False,False,True,False,False,False
R0120,G0215,locked_test,2026-06-11,Not Recommended,15.0,3,1,False,False,True,0.4419284164905548,0.0,this game ♥♥♥♥♥♥♥ sucks why are the controls the way they are why do people run so slow WHY,English,Sufficient,Negative_only,Technical_issue,,High,,human_agreed,Aligned negative,this game ♥♥♥♥♥♥♥ sucks why are the controls the way they are why do people run so slow WHY,19,91,False,2.772588722239781,Casual (10–50h),False,False,False,False,False,False,False
R0121,G0205,locked_test,2026-06-10,Not Recommended,8.2,2,0,True,False,True,0.5296273827552795,0.0,"This amount of jank could be acceptable when the game first came out and the dev team was much more inexperienced, but after being on Steam for nearly 6 years, it's unacceptable. The devs seem more interested in adding more things or refreshing already good maps instead of fixing game breaking bugs. When the developers tell you ""just keep playing the game till you're use to the jank,"" after releasing the most broken update to date, that's all you need to know about how much they care about their own product outside of it's sales figures. Even my friends don't want to play this game with me when I suggest it anymore, it's gotten that bad.",English,Sufficient,Negative_only,Technical_issue,Update_or_change,Medium,"Core complaint is unfixed game-breaking bugs; the update is the trigger, not the central subject.",human_adjudicated,Aligned negative,"This amount of jank could be acceptable when the game first came out and the dev team was much more inexperienced, but after being on Steam for nearly 6 years, it's unacceptable. The devs seem more interested in adding more things or refreshing already good maps instead of fixing game breaking bugs. When the developers tell you ""just keep playing the game till you're use to the jank,"" after releasing the most broken update to date, that's all you need to know about how much they care about their own product outside of it's sales figures. Even my friends don't want to play this game with me when I suggest it anymore, it's gotten that bad.",116,645,False,2.2192034840549946,New (≤10h),False,True,True,True,True,False,False
R0122,G0059,development,2026-06-10,Recommended,45.0,0,0,True,False,True,0.4929577410221099,0.0,GG,English,Sufficient,Positive_only,General_evaluation,,Medium,Common gaming shorthand for 'good game'.,human_single,Aligned positive,GG,1,2,False,3.828641396489095,Casual (10–50h),False,False,False,False,False,False,True
R0123,G0009,development,2026-06-10,Not Recommended,45.7,0,1,True,False,True,0.4812099039554595,0.0,>Be me 18 M >Play with partner also 18 M >Get good at game >Partner slightly improves >Get too good and partner doesn't want to play anymore >Why did I buy this?,English,Sufficient,Neutral_non_evaluative,Humor_or_meme,,Medium,Greentext-style joke about outgrowing the game with a partner; no direct evaluation of the game.,human_single,Non-evaluative text,>Be me 18 M >Play with partner also 18 M >Get good at game >Partner slightly improves >Get too good and partner doesn't want to play anymore >Why did I buy this?,32,161,False,3.8437441646748516,Casual (10–50h),False,False,False,True,False,False,False
R0124,G0013,development,2026-06-09,Recommended,12.4,0,0,True,False,True,0.5,0.0,A great time with friends. Easy to have fun with but challenging when you really start to get into the leveling and mission requirements.,English,Sufficient,Positive_only,Gameplay_praise,,High,,human_single,Aligned positive,A great time with friends. Easy to have fun with but challenging when you really start to get into the leveling and mission requirements.,24,137,False,2.5952547069568657,Casual (10–50h),False,False,False,True,False,False,False
R0125,G0248,development,2026-06-09,Recommended,10.1,0,0,True,False,True,0.5,0.0,в соло не кайф,Non-English,Insufficient,Not_applicable,Not_applicable,,High,,human_single,Insufficient text,в соло не кайф,4,14,False,2.4069451083182885,Casual (10–50h),True,False,False,False,False,False,True
R0126,G0198,locked_test,2026-06-09,Recommended,14.6,0,1,True,False,True,0.5,0.0,the hantu bent me over and abused me from behind,English,Sufficient,Neutral_non_evaluative,Humor_or_meme,,Medium,,human_agreed,Non-evaluative text,the hantu bent me over and abused me from behind,10,48,False,2.747270914255491,Casual (10–50h),False,False,False,False,False,False,False
R0127,G0058,development,2026-06-11,Recommended,7.8,0,0,False,False,True,0.5,0.0,game is fun and scary at some points,English,Sufficient,Positive_only,Gameplay_praise,,High,,human_single,Aligned positive,game is fun and scary at some points,8,36,False,2.174751721484161,New (≤10h),False,False,False,True,False,False,False
R0128,G0005,development,2026-06-10,Recommended,11.3,0,0,False,False,True,0.5,0.0,"4 years since I was gifted this and somehow I never reviewed it?? well, better late than never I suppose! Phasmophobia is an intriguing multiplayer supernatural-horror/thriller experience, you play as paranormal investigative contractors- in each contract you play, you have one goal, use your various equipment items (more are unlockable as you progress, and different tiers too!) to identify and confirm the type of supernatural entity residing within whatever haunted location, there's maps such as a prison ,a school, and various different houses. You *can* play it singleplayer, but in my humble opinion, it's far better with friends, even just one other person, though it's good fun for a group! hop on a discord call, or use in-game proximity chat to talk & work together- the gameplay is solid, and all around an engaging, and somewhat addictive experience, and this game is genuinely a labor love, all these years gone by and it's still actively being worked on, it's so much more polished than it was in 2022! Highly recommend, even for non-horror fans!~",English,Sufficient,Positive_only,Gameplay_praise,,High,,human_single,Aligned positive,"4 years since I was gifted this and somehow I never reviewed it?? well, better late than never I suppose! Phasmophobia is an intriguing multiplayer supernatural-horror/thriller experience, you play as paranormal investigative contractors- in each contract you play, you have one goal, use your various equipment items (more are unlockable as you progress, and different tiers too!) to identify and confirm the type of supernatural entity residing within whatever haunted location, there's maps such as a prison ,a school, and various different houses. You *can* play it singleplayer, but in my humble opinion, it's far better with friends, even just one other person, though it's good fun for a group! hop on a discord call, or use in-game proximity chat to talk & work together- the gameplay is solid, and all around an engaging, and somewhat addictive experience, and this game is genuinely a labor love, all these years gone by and it's still actively being worked on, it's so much more polished than it was in 2022! Highly recommend, even for non-horror fans!~",174,1064,False,2.509599262378372,Casual (10–50h),False,False,False,True,False,False,False
R0129,G0172,development,2026-06-13,Recommended,3.6,0,0,True,False,True,0.5,0.0,sc ary ghost :steamscared,English,Sufficient,Neutral_non_evaluative,General_evaluation,,Medium,"Descriptive, with a Steam emoticon; no clear positive/negative claim.",human_single,Non-evaluative text,sc ary ghost :steamscared,4,25,False,1.5260563034950492,New (≤10h),False,False,False,False,False,False,True
R0130,G0192,development,2026-06-13,Not Recommended,930.5,1,0,False,False,True,0.5238095521926879,0.0,"The character update sucks ngl, and the animations are lwk buns too",English,Sufficient,Negative_only,Update_or_change,Technical_issue,Medium,"Slang ('ngl', 'lwk', 'buns') interpreted as negative.",human_single,Aligned negative,"The character update sucks ngl, and the animations are lwk buns too",12,67,False,6.836796190041643,Hardcore (>300h),False,True,False,False,False,False,False
R0131,G0067,locked_test,2026-06-10,Recommended,13.6,0,0,True,False,True,0.5,0.0,good game scary though,English,Sufficient,Positive_only,Gameplay_praise,,High,,human_agreed,Aligned positive,good game scary though,4,22,False,2.681021528714291,Casual (10–50h),False,False,False,True,False,False,True
R0132,G0240,development,2026-06-10,Not Recommended,24.4,0,0,True,False,True,0.4901960790157318,0.0,worst game ever,English,Sufficient,Negative_only,General_evaluation,,High,,human_single,Aligned negative,worst game ever,3,15,False,3.2347491740244907,Casual (10–50h),False,False,False,False,True,False,True
R0133,G0178,locked_test,2026-06-13,Not Recommended,19.4,1,0,True,False,True,0.5238095521926879,0.0,Slop,English,Sufficient,Negative_only,General_evaluation,,Medium,Slang for low-quality content.,human_agreed,Aligned negative,Slop,1,4,False,3.0155349008501706,Casual (10–50h),False,False,False,False,False,False,True
R0134,G0114,development,2026-06-11,Recommended,9.5,0,0,False,False,True,0.4885057508945465,0.0,it good,English,Sufficient,Positive_only,General_evaluation,,High,,human_single,Aligned positive,it good,2,7,False,2.3513752571634776,New (≤10h),False,False,False,True,False,False,True
R0135,G0080,development,2026-06-12,Recommended,7.3,0,0,False,True,True,0.5,0.0,haha scary game oooo,English,Sufficient,Neutral_non_evaluative,Humor_or_meme,,Medium,,human_single,Non-evaluative text,haha scary game oooo,4,20,False,2.1162555148025524,New (≤10h),False,False,False,True,False,False,True
R0136,G0083,development,2026-06-13,Recommended,45.4,0,0,False,False,True,0.5,0.0,"Horror aspect not there. What is this game like? 3 evidence ""I GOT THE GHOST"" But its a mimic and you want to destroy everything Expect a fun time no, Ghost said I hate you and killed you at 80% sanity. Want in-game money look away. YOU WILL LOSE IT ALL!!!!! I have ragged quit this game more then Rainbow 6 But still a 10/10 game YOU REALLY SHOULD JUST THE FUN",English,Sufficient,Mixed,General_evaluation,Humor_or_meme,Low,"Disjointed, sarcasm-adjacent list of frustrations ending in a strong '10/10' rating; difficult sarcasm.",human_agreed,Qualified / mixed opinion,"Horror aspect not there. What is this game like? 3 evidence ""I GOT THE GHOST"" But its a mimic and you want to destroy everything Expect a fun time no, Ghost said I hate you and killed you at 80% sanity. Want in-game money look away. YOU WILL LOSE IT ALL!!!!! I have ragged quit this game more then Rainbow 6 But still a 10/10 game YOU REALLY SHOULD JUST THE FUN",72,361,False,3.8372994592322094,Casual (10–50h),False,False,False,True,True,False,False
R0137,G0068,development,2026-06-13,Recommended,18.5,0,0,False,False,True,0.5,0.0,good game. but i don't like the controls for keyboard and mouse nor for controller and the Alan wake update ruined VR in a worse way by making my body fold in game making it impossible to reach my belt anymore.,English,Sufficient,Mixed,Technical_issue,,High,,human_single,Qualified / mixed opinion,good game. but i don't like the controls for keyboard and mouse nor for controller and the Alan wake update ruined VR in a worse way by making my body fold in game making it impossible to reach my belt anymore.,41,210,False,2.970414465569701,Casual (10–50h),False,True,False,True,True,False,False
R0138,G0095,development,2026-06-09,Recommended,715.9,0,0,True,False,True,0.5,0.0,I love this game,English,Sufficient,Positive_only,Gameplay_praise,,High,,human_single,Aligned positive,I love this game,4,16,False,6.5749363608588265,Hardcore (>300h),False,False,False,True,False,False,True
R0139,G0226,development,2026-06-09,Recommended,31.4,0,0,True,False,True,0.5,0.0,Very fun,English,Sufficient,Positive_only,Gameplay_praise,,High,,human_single,Aligned positive,Very fun,2,8,False,3.4781584227982836,Casual (10–50h),False,False,False,True,False,False,True
R0140,G0143,development,2026-06-12,Recommended,66.0,0,0,True,False,True,0.5,0.0,"Old Phas - 8.5/10 New Phas- 6.5/10 A pioneer in it's genre with many clones released as a result. Was very fun at launch and would easily make you feel uneasy thinking there's ghosts in your house, and is insane in VR, but lost me around 2022. I enjoy watching it on YouTube more than playing it these days. So many different items to learn and way too many ghost types, you have to memorize a textbook and no-life grind it to learn all the traits and you'll likely get your neck snapped 300 times before you get there. 90% of the time you'll get 2 pieces of evidence and just sit there waiting until the 3rd one appears after half the team is already dead. The most recent new animation update isn't too bad and it seems like the economy was improved a bit but I enjoy going back and playing the early versions from SteamDB more. Trolling around in lobbies is more entertaining than the base game, that is, if you can find a lobby that's not a boosting lobby. If you've never played it before you'll probably enjoy it still though.",English,Sufficient,Mixed,Nostalgia_or_loss,Gameplay_praise,High,,human_single,Qualified / mixed opinion,"Old Phas - 8.5/10 New Phas- 6.5/10 A pioneer in it's genre with many clones released as a result. Was very fun at launch and would easily make you feel uneasy thinking there's ghosts in your house, and is insane in VR, but lost me around 2022. I enjoy watching it on YouTube more than playing it these days. So many different items to learn and way too many ghost types, you have to memorize a textbook and no-life grind it to learn all the traits and you'll likely get your neck snapped 300 times before you get there. 90% of the time you'll get 2 pieces of evidence and just sit there waiting until the 3rd one appears after half the team is already dead. The most recent new animation update isn't too bad and it seems like the economy was improved a bit but I enjoy going back and playing the early versions from SteamDB more. Trolling around in lobbies is more entertaining than the base game, that is, if you can find a lobby that's not a boosting lobby. If you've never played it before you'll probably enjoy it still though.",194,1032,False,4.204692619390966,Regular (50–100h),False,True,False,True,True,False,False
R0141,G0002,locked_test,2026-06-12,Recommended,3.0,0,0,True,False,True,0.5,0.0,"""SAAAM""-Dean Winchester",English,Insufficient,Not_applicable,Not_applicable,,Medium,Pop-culture quote with no interpretable connection to the game experience stated.,human_agreed,Insufficient text,"""SAAAM""-Dean Winchester",2,23,False,1.3862943611198906,New (≤10h),False,False,False,False,False,False,True
R0142,G0150,development,2026-06-10,Recommended,23.0,0,0,True,False,True,0.5,0.0,phasmophobia is a fairly well made game where the devs seem to somewhat care about the comunity and have contiunously added new content throughout the years,English,Sufficient,Positive_only,Gameplay_praise,Update_or_change,High,,human_single,Aligned positive,phasmophobia is a fairly well made game where the devs seem to somewhat care about the comunity and have contiunously added new content throughout the years,26,156,False,3.1780538303479458,Casual (10–50h),False,False,False,False,False,False,False
R0143,G0051,development,2026-06-09,Recommended,16.9,0,0,True,False,True,0.5,0.0,fun and keeps people on there toes as well as giving a nice paranormal hunting expierence to a new level,English,Sufficient,Positive_only,Gameplay_praise,,High,,human_agreed,Aligned positive,fun and keeps people on there toes as well as giving a nice paranormal hunting expierence to a new level,20,104,False,2.884800712846709,Casual (10–50h),False,False,False,True,False,False,False
R0144,G0161,locked_test,2026-06-12,Recommended,7.0,0,0,True,False,True,0.5,0.0,pretty fun with friends i weirdly help when i can as i don't want to become uber sweats like them but alas my poor soul seems to always be the first to meet my demise all woe is me poor me *tear 10/10 would recommend getting singled out by ghosts and being unalived to the spirit realm post haste.,English,Sufficient,Positive_only,Humor_or_meme,Gameplay_praise,Medium,,human_agreed,Aligned positive,pretty fun with friends i weirdly help when i can as i don't want to become uber sweats like them but alas my poor soul seems to always be the first to meet my demise all woe is me poor me *tear 10/10 would recommend getting singled out by ghosts and being unalived to the spirit realm post haste.,59,297,False,2.0794415416798357,New (≤10h),False,False,False,True,False,False,False
R0145,G0059,development,2026-06-10,Recommended,10.2,0,0,True,False,True,0.5,0.0,gg,English,Sufficient,Positive_only,General_evaluation,,Medium,Gaming shorthand for 'good game'.,human_single,Aligned positive,gg,1,2,False,2.4159137783010487,Casual (10–50h),False,False,False,False,False,False,True
R0146,G0186,locked_test,2026-06-11,Recommended,56.2,0,0,True,False,True,0.5,0.0,spooky. should be better optimized. both performance and networking.,English,Sufficient,Mixed,Technical_issue,,Medium,,human_agreed,Qualified / mixed opinion,spooky. should be better optimized. both performance and networking.,9,68,False,4.046553898385752,Regular (50–100h),False,False,False,False,False,False,False
R0147,G0027,development,2026-06-12,Recommended,5.2,0,0,True,False,True,0.5,0.0,best game ever,English,Sufficient,Positive_only,General_evaluation,,High,,human_agreed,Aligned positive,best game ever,3,14,False,1.824549292051046,New (≤10h),False,False,False,True,False,False,True
R0148,G0037,development,2026-06-12,Recommended,21.3,0,0,True,False,True,0.5,0.0,dont get high off sanity juice I woke up covered in ectoplasm,English,Sufficient,Neutral_non_evaluative,Humor_or_meme,,Medium,Joke about an in-game mechanic; no clear evaluative claim.,human_single,Non-evaluative text,dont get high off sanity juice I woke up covered in ectoplasm,12,61,False,3.104586678466073,Casual (10–50h),False,False,False,False,False,False,False
R0149,G0166,development,2026-06-13,Recommended,800.7,0,0,True,False,True,0.5,0.0,"Quite good and engaging. It has become a weekly ritual to hang out with friends and seek some spooks. Such a fun premise, and I quite enjoy the new update. Some charming bugs, but usually nothing game breaking. I really am looking forward to what comes next.",English,Sufficient,Positive_only,Gameplay_praise,Update_or_change,High,,human_single,Aligned positive,"Quite good and engaging. It has become a weekly ritual to hang out with friends and seek some spooks. Such a fun premise, and I quite enjoy the new update. Some charming bugs, but usually nothing game breaking. I really am looking forward to what comes next.",47,258,False,6.686734473048906,Hardcore (>300h),False,True,True,True,False,False,False
R0150,G0168,development,2026-06-11,Recommended,21.2,0,0,True,False,True,0.5,0.0,Really good I spent 50 mins on restricted Sunny Medows just for the Dayan to be bugged and not hunt a single time. W game 10/10 would recommend.,English,Sufficient,Mixed,Gameplay_praise,Technical_issue,High,,human_single,Qualified / mixed opinion,Really good I spent 50 mins on restricted Sunny Medows just for the Dayan to be bugged and not hunt a single time. W game 10/10 would recommend.,28,144,False,3.100092288878234,Casual (10–50h),False,False,False,True,False,False,False
R0151,G0185,development,2026-06-09,Recommended,9.7,0,0,True,False,True,0.5,0.0,Spooky. Funny. Good.,English,Sufficient,Positive_only,Gameplay_praise,,High,,human_single,Aligned positive,Spooky. Funny. Good.,3,20,False,2.3702437414678603,New (≤10h),False,False,False,True,False,False,True
R0152,G0078,locked_test,2026-06-10,Recommended,14.0,1,0,True,False,True,0.5,0.0,"great game, loved it for a while, the update is buggy but i have faith in the devs to fix it",English,Sufficient,Mixed,Technical_issue,,High,,human_agreed,Qualified / mixed opinion,"great game, loved it for a while, the update is buggy but i have faith in the devs to fix it",21,92,False,2.70805020110221,Casual (10–50h),False,True,False,True,False,False,False
R0153,G0029,development,2026-06-09,Recommended,9.2,0,1,True,False,True,0.5,0.0,boo,English,Insufficient,Not_applicable,Not_applicable,,Medium,Ambiguous exclamation; no clear evaluative content.,human_single,Insufficient text,boo,1,3,False,2.322387720290225,New (≤10h),False,False,False,False,False,False,True
R0154,G0105,development,2026-06-11,Not Recommended,296.5,0,0,True,False,True,0.4761904776096343,0.0,"I was reluctant to get this game to start with, I do not like scary stuff, but my sis convinced me to get it to play together and (even though it scared me) I really enjoyed playing! Then....update 0.17.0 happened..... Originally was SO excited because they had been promising character customization for YEARS! And it was a catastrophe....everything is broken, there's extra animation to do things(like pouring salt), the journal is zoomed out really far now, it just is not good. We are going to go try The Other Side or stick to Demonologist.",English,Sufficient,Mixed,Update_or_change,,High,,human_single,Qualified / mixed opinion,"I was reluctant to get this game to start with, I do not like scary stuff, but my sis convinced me to get it to play together and (even though it scared me) I really enjoyed playing! Then....update 0.17.0 happened..... Originally was SO excited because they had been promising character customization for YEARS! And it was a catastrophe....everything is broken, there's extra animation to do things(like pouring salt), the journal is zoomed out really far now, it just is not good. We are going to go try The Other Side or stick to Demonologist.",94,545,False,5.695414224985685,Veteran (100–300h),False,True,True,True,True,False,False
R0155,G0095,development,2026-06-12,Recommended,12.4,0,1,True,False,True,0.4977664649486541,0.0,I love this game,English,Sufficient,Positive_only,Gameplay_praise,,High,,human_single,Aligned positive,I love this game,4,16,False,2.5952547069568657,Casual (10–50h),False,False,False,True,False,False,True
R0156,G0065,locked_test,2026-06-12,Recommended,3.7,0,1,True,False,True,0.4977664649486541,0.0,good game,English,Sufficient,Positive_only,General_evaluation,,High,,human_agreed,Aligned positive,good game,2,9,False,1.547562508716013,New (≤10h),False,False,False,True,False,False,True
R0157,G0023,development,2026-06-13,Not Recommended,153.9,4,0,True,False,True,0.5540540814399719,0.0,"Because of the new updates, the game has become very baggy, and it’s become uncomfortable to play. I can use Incense but they don't work because of the new animations, and the cursed items disappear under the floor. The new hand animations are very slow and laggy, it feels like updates were designed for VR players, not for those who play with a keyboard (which is most of us) P.s. And yeah, I also have VR but I prefer to play with keyboard and mouse cuz it's more comfortable way to play on Insane difficulty",English,Sufficient,Negative_only,Update_or_change,Technical_issue,High,,human_single,Aligned negative,"Because of the new updates, the game has become very baggy, and it’s become uncomfortable to play. I can use Incense but they don't work because of the new animations, and the cursed items disappear under the floor. The new hand animations are very slow and laggy, it feels like updates were designed for VR players, not for those who play with a keyboard (which is most of us) P.s. And yeah, I also have VR but I prefer to play with keyboard and mouse cuz it's more comfortable way to play on Insane difficulty",95,511,False,5.042779747422823,Veteran (100–300h),False,True,True,False,False,False,False
R0158,G0049,development,2026-06-13,Recommended,3.8,0,0,True,False,True,0.5,0.0,fun,English,Sufficient,Positive_only,Gameplay_praise,,High,,human_single,Aligned positive,fun,1,3,False,1.5686159179138452,New (≤10h),False,False,False,True,False,False,True
R0159,G0075,locked_test,2026-06-11,Not Recommended,47.4,1,0,True,False,True,0.5098039507865905,0.0,"Great game Idea, but very bad servers and bugs. Settings reset all the time I re-open the game. Random ""lost connection to server"" even tho my internet is perfectly fine, incense doesnt protect sometimes, etc.",English,Sufficient,Mixed,Technical_issue,,High,,human_agreed,Qualified / mixed opinion,"Great game Idea, but very bad servers and bugs. Settings reset all the time I re-open the game. Random ""lost connection to server"" even tho my internet is perfectly fine, incense doesnt protect sometimes, etc.",35,209,False,3.879499813722586,Casual (10–50h),False,False,True,True,True,False,False
R0160,G0091,development,2026-06-10,Recommended,7.4,0,0,True,False,True,0.5,0.0,i just think its a good game but hard too play,English,Sufficient,Mixed,General_evaluation,,Medium,,human_single,Qualified / mixed opinion,i just think its a good game but hard too play,11,46,False,2.128231705849268,New (≤10h),False,False,False,True,False,False,False
R0161,G0041,locked_test,2026-06-10,Recommended,55.7,0,0,True,False,True,0.5,0.0,"E amuzant jocul chiar dacă e horror, mai mult rad decât sa îmi fie frica.",Non-English,Insufficient,Not_applicable,Not_applicable,,High,Romanian text; not coded under the English-language protocol.,human_agreed,Insufficient text,"E amuzant jocul chiar dacă e horror, mai mult rad decât sa îmi fie frica.",15,73,False,4.037774210733707,Regular (50–100h),False,False,False,False,False,False,False
R0162,G0136,development,2026-06-11,Not Recommended,159.8,4,0,False,False,True,0.532710313796997,0.0,"loved it, then they removed the good characters and left us with blocky ones and animations no one asked for that made the game laggy. Would be a great game if they slowed down on making assets just their own. Its not working out right now",English,Sufficient,Mixed,Update_or_change,Technical_issue,High,,human_agreed,Qualified / mixed opinion,"loved it, then they removed the good characters and left us with blocky ones and animations no one asked for that made the game laggy. Would be a great game if they slowed down on making assets just their own. Its not working out right now",46,239,False,5.080161356744866,Veteran (100–300h),False,False,True,True,False,False,False
R0163,G0165,development,2026-06-12,Recommended,35.2,0,0,True,False,True,0.5,0.0,Psychological mind F love it!,English,Sufficient,Positive_only,Gameplay_praise,,Medium,,human_agreed,Aligned positive,Psychological mind F love it!,5,29,False,3.5890591188317256,Casual (10–50h),False,False,False,True,False,False,True
R0164,G0233,locked_test,2026-06-11,Recommended,61.0,0,0,True,False,True,0.5,0.0,Very Good! Could use some animation fixes and also a few more unique scary ghost interactions,English,Sufficient,Mixed,General_evaluation,Feature_request;Technical_issue,Medium,,human_agreed,Qualified / mixed opinion,Very Good! Could use some animation fixes and also a few more unique scary ghost interactions,16,93,False,4.127134385045092,Regular (50–100h),False,False,False,True,False,False,False
R0165,G0147,development,2026-06-09,Not Recommended,1147.0,0,0,True,False,True,0.5,0.0,"Over 1.1k hours on record, most of which was before the lobby change years ago. I have tried getting back into the game multiple times and it's just not as fun as it used to be. Yes, nearly everything has changed since I was hooked. I don't mind change but the more updates that happen the less fun I'm having. It's so buggy with no bugs being fixed after reporting. Not all updates are bad, but most of them are becoming unplayable or just not enjoyable. Sad to see the game where it is now compared to where it was years ago.",English,Sufficient,Negative_only,Nostalgia_or_loss,Technical_issue,High,,human_agreed,Aligned negative,"Over 1.1k hours on record, most of which was before the lobby change years ago. I have tried getting back into the game multiple times and it's just not as fun as it used to be. Yes, nearly everything has changed since I was hooked. I don't mind change but the more updates that happen the less fun I'm having. It's so buggy with no bugs being fixed after reporting. Not all updates are bad, but most of them are becoming unplayable or just not enjoyable. Sad to see the game where it is now compared to where it was years ago.",102,527,False,7.045776576879511,Hardcore (>300h),False,True,True,True,True,False,False
R0166,G0200,development,2026-06-09,Not Recommended,203.1,2,0,True,False,True,0.5258620381355285,1.0,the last update really made this game feel like a scuffed knock off of itself the game weirdly looks worse along side running worse i ran mid to high settings for phas but this update those same settings would crash and freeze my pc phas was a great game but as of current update its just bad.,English,Sufficient,Negative_only,Update_or_change,Technical_issue,High,,human_single,Aligned negative,the last update really made this game feel like a scuffed knock off of itself the game weirdly looks worse along side running worse i ran mid to high settings for phas but this update those same settings would crash and freeze my pc phas was a great game but as of current update its just bad.,57,293,False,5.318610069815799,Veteran (100–300h),False,True,True,True,True,False,False
R0167,G0173,development,2026-06-11,Recommended,16.1,0,0,True,False,True,0.5,0.0,scary,English,Sufficient,Neutral_non_evaluative,General_evaluation,,Medium,,human_agreed,Non-evaluative text,scary,1,5,False,2.8390784635086144,Casual (10–50h),False,False,False,True,False,False,True
R0168,G0203,development,2026-06-10,Not Recommended,53.2,4,0,False,False,True,0.5495495200157166,0.0,"There is a good game here, sadly buried under a pile of decisions that come close to being as bad as the recent decisions of arrowhead with helldivers 2. The devs dont listen to the community at all and deny any valid feedback, even that of their own testers. Maps that actually need reworking get left to rot while maps that already get played a lot get the rework for some reason. New character customization update that was supposed to ""make things more realistic"" made it argueably less realistic and more buggy. I'll change the review once that changes, I really, REALLY hope it does",English,Sufficient,Mixed,Update_or_change,,High,,human_single,Qualified / mixed opinion,"There is a good game here, sadly buried under a pile of decisions that come close to being as bad as the recent decisions of arrowhead with helldivers 2. The devs dont listen to the community at all and deny any valid feedback, even that of their own testers. Maps that actually need reworking get left to rot while maps that already get played a lot get the rework for some reason. New character customization update that was supposed to ""make things more realistic"" made it argueably less realistic and more buggy. I'll change the review once that changes, I really, REALLY hope it does",105,588,False,3.9926809084456005,Regular (50–100h),False,True,False,True,True,False,False
R0169,G0250,development,2026-06-12,Recommended,58.5,0,0,True,False,True,0.5,0.0,♥♥♥♥♥ my ♥♥♥♥♥,English,Insufficient,Not_applicable,Not_applicable,,Low,Steam-censored text; content uninterpretable.,human_single,Insufficient text,♥♥♥♥♥ my ♥♥♥♥♥,3,14,False,4.085976312551584,Regular (50–100h),False,False,False,False,False,False,True
R0170,G0232,development,2026-06-12,Recommended,30.9,0,0,True,False,True,0.5,0.0,very fun!,English,Sufficient,Positive_only,Gameplay_praise,,High,,human_single,Aligned positive,very fun!,2,9,False,3.462606009790799,Casual (10–50h),False,False,False,True,False,False,True
R0171,G0018,development,2026-06-12,Recommended,4.6,0,0,True,False,True,0.5,0.0,AMAZING GAME YES YES,English,Sufficient,Positive_only,General_evaluation,,High,,human_single,Aligned positive,AMAZING GAME YES YES,4,20,False,1.7227665977411035,New (≤10h),False,False,False,True,False,False,True
R0172,G0084,development,2026-06-09,Not Recommended,74.5,8,0,False,False,True,0.5942458510398864,0.0,"how does this game feel less polished than it did 3 years ago? the animations are awful, the controls are somehow worse, and the equipment is ♥♥♥♥. what the ♥♥♥♥ happened?",English,Sufficient,Negative_only,Update_or_change,Technical_issue,High,,human_agreed,Aligned negative,"how does this game feel less polished than it did 3 years ago? the animations are awful, the controls are somehow worse, and the equipment is ♥♥♥♥. what the ♥♥♥♥ happened?",31,171,False,4.324132656254979,Regular (50–100h),False,False,False,False,True,False,False
R0173,G0076,development,2026-06-12,Recommended,332.9,0,0,False,False,True,0.5,0.0,Great game! gather your friends ! So much fun!,English,Sufficient,Positive_only,Gameplay_praise,,High,,human_single,Aligned positive,Great game! gather your friends ! So much fun!,9,46,False,5.810841546949609,Hardcore (>300h),False,False,False,True,False,False,False
R0174,G0189,development,2026-06-12,Recommended,67.4,0,0,False,False,True,0.5,0.0,stole my soul,English,Sufficient,Neutral_non_evaluative,Humor_or_meme,,Low,"Ambiguous phrase; could read as playful praise (addictive) or complaint, with no clear marker either way.",human_single,Non-evaluative text,stole my soul,3,13,False,4.225372824628505,Regular (50–100h),False,False,False,False,False,False,True
R0175,G0127,development,2026-06-09,Recommended,22.9,0,0,True,False,True,0.5,0.0,its goood i love it,English,Sufficient,Positive_only,Gameplay_praise,,High,,human_single,Aligned positive,its goood i love it,5,19,False,3.173878458937465,Casual (10–50h),False,False,False,True,False,False,True
R0176,G0108,development,2026-06-11,Recommended,140.0,0,0,False,False,True,0.5,0.0,I've always hated mimics,English,Sufficient,Negative_only,Gameplay_praise,,Medium,"Criticism directed at a specific ghost type, part of the gameplay experience.",human_agreed,Hard contradiction,I've always hated mimics,4,24,False,4.948759890378168,Veteran (100–300h),False,False,False,False,False,False,True
R0177,G0081,locked_test,2026-06-13,Recommended,46.1,0,0,True,False,True,0.5,0.0,harb is a bum,English,Insufficient,Not_applicable,Not_applicable,,Low,Appears to reference a person rather than the game; not interpretable as a game evaluation.,human_agreed,Insufficient text,harb is a bum,4,13,False,3.8522730010223722,Casual (10–50h),False,False,False,False,False,False,True
R0178,G0188,development,2026-06-12,Recommended,48.5,0,0,True,False,True,0.5,0.0,"Still slaps to this day,yes some customization sucks but remember you play this for the plot so stick to that and you will be satisfied with your purchase. Also works with low spec PC's pretty surprisingly aswell,not incredibly optimized but exceptionally done so far.",English,Sufficient,Mixed,Gameplay_praise,Technical_issue,Medium,,human_single,Qualified / mixed opinion,"Still slaps to this day,yes some customization sucks but remember you play this for the plot so stick to that and you will be satisfied with your purchase. Also works with low spec PC's pretty surprisingly aswell,not incredibly optimized but exceptionally done so far.",44,268,False,3.901972669574645,Casual (10–50h),False,True,False,False,False,False,False
R0179,G0196,locked_test,2026-06-11,Not Recommended,160.6,1,0,True,False,True,0.5098039507865905,0.0,"The game itself is super cool and easily worth playing... ...after they fix all of the blatant bugs they've more recently introduced into the game. I'll correct my review to ""recommended"" if they fix their plethora of bugs to ""consistently playable"".",English,Sufficient,Mixed,Technical_issue,,High,,human_agreed,Qualified / mixed opinion,"The game itself is super cool and easily worth playing... ...after they fix all of the blatant bugs they've more recently introduced into the game. I'll correct my review to ""recommended"" if they fix their plethora of bugs to ""consistently playable"".",41,250,False,5.085124146086995,Veteran (100–300h),False,False,True,True,False,False,False
R0180,G0160,development,2026-06-13,Recommended,4.0,0,0,True,False,True,0.5,0.0,pretty cool,English,Sufficient,Positive_only,General_evaluation,,High,,human_single,Aligned positive,pretty cool,2,11,False,1.6094379124341003,New (≤10h),False,False,False,False,False,False,True
R0181,G0131,development,2026-06-12,Recommended,1.8,0,0,True,False,True,0.5,0.0,le spook.,English,Sufficient,Neutral_non_evaluative,Humor_or_meme,,Medium,,human_single,Non-evaluative text,le spook.,2,9,False,1.0296194171811581,New (≤10h),False,False,False,False,False,False,True
R0182,G0175,development,2026-06-12,Recommended,125.9,0,0,True,False,True,0.5,0.0,scary fun,English,Sufficient,Positive_only,Gameplay_praise,,High,,human_single,Aligned positive,scary fun,2,9,False,4.843399374720342,Veteran (100–300h),False,False,False,True,False,False,True
R0183,G0223,locked_test,2026-06-11,Not Recommended,61.0,2,0,True,False,True,0.5098039507865905,0.0,"update ruined the game, completely unplayable",English,Sufficient,Negative_only,Update_or_change,,High,,human_agreed,Aligned negative,"update ruined the game, completely unplayable",6,45,False,4.127134385045092,Regular (50–100h),False,True,True,False,True,True,False
R0184,G0021,development,2026-06-12,Not Recommended,208.2,2,0,True,False,True,0.5,0.0,"As someone who has put 200+ hours into this game, and someone who has played since the game first released, I can honestly say the game has gone downhill so much lately. The ""customization"" update that has been being teased for so long, is so barebones and lackluster in any sort of customization it makes me wonder why they even bothered. The animations are SO janky and broken now it makes the game unplayable. There are so many bugs (I.E. randomly getting disconnected from a game) that have somehow managed to persist through countless hotfixes, but the devs seem to have PLENTLY of time to work on nonsense collabs (Looking at you Allan Wake.) I genuinely loved playing this game and it was a top 3 for my friend group, but in its current state I cant be bothered with it. I hope the devs find a way to turn this game around because if they dont make some SERIOUS changes soon, this might be the final nail in the coffin.",English,Sufficient,Mixed,Nostalgia_or_loss,Technical_issue;Update_or_change,High,,human_single,Qualified / mixed opinion,"As someone who has put 200+ hours into this game, and someone who has played since the game first released, I can honestly say the game has gone downhill so much lately. The ""customization"" update that has been being teased for so long, is so barebones and lackluster in any sort of customization it makes me wonder why they even bothered. The animations are SO janky and broken now it makes the game unplayable. There are so many bugs (I.E. randomly getting disconnected from a game) that have somehow managed to persist through countless hotfixes, but the devs seem to have PLENTLY of time to work on nonsense collabs (Looking at you Allan Wake.) I genuinely loved playing this game and it was a top 3 for my friend group, but in its current state I cant be bothered with it. I hope the devs find a way to turn this game around because if they dont make some SERIOUS changes soon, this might be the final nail in the coffin.",171,926,False,5.343290732190768,Veteran (100–300h),False,True,True,False,True,True,False
R0185,G0062,development,2026-06-12,Recommended,167.0,0,0,False,False,True,0.5,0.0,glitches and hackers,English,Sufficient,Negative_only,Technical_issue,,High,,human_single,Hard contradiction,glitches and hackers,3,20,False,5.123963979403259,Veteran (100–300h),False,False,True,False,False,False,True
R0186,G0181,development,2026-06-13,Recommended,20.0,0,0,True,False,True,0.5,0.0,sooo good to play with friendsw,English,Sufficient,Positive_only,Gameplay_praise,,High,,human_single,Aligned positive,sooo good to play with friendsw,6,31,False,3.044522437723423,Casual (10–50h),False,False,False,True,False,False,False
R0187,G0207,development,2026-06-13,Recommended,99.0,0,0,True,False,True,0.5,0.0,This game is good,English,Sufficient,Positive_only,General_evaluation,,High,,human_single,Aligned positive,This game is good,4,17,False,4.605170185988092,Regular (50–100h),False,False,False,True,False,False,True
R0188,G0154,locked_test,2026-06-11,Recommended,40.7,0,1,True,False,True,0.5,0.0,play with frinds but not with ones that count as 3 people,English,Sufficient,Neutral_non_evaluative,Humor_or_meme,,Low,Cryptic joke about lobby size/players; unclear direct evaluation.,human_agreed,Non-evaluative text,play with frinds but not with ones that count as 3 people,12,57,False,3.730501128804756,Casual (10–50h),False,False,False,False,False,False,False
R0189,G0033,development,2026-06-12,Not Recommended,115.1,1,0,True,False,True,0.5,0.0,BROO WHY YOU CHANGED THE FIRST MAP IT WAS GOATED NOW IT LOOKS LIKE ITS MY GRANDMA'S,English,Sufficient,Negative_only,Update_or_change,,High,,human_single,Aligned negative,BROO WHY YOU CHANGED THE FIRST MAP IT WAS GOATED NOW IT LOOKS LIKE ITS MY GRANDMA'S,17,83,False,4.754451888703846,Veteran (100–300h),False,True,False,False,False,False,False
R0190,G0088,development,2026-06-11,Recommended,40.7,2,0,True,False,True,0.541284441947937,0.0,i gave my friend diharrea,English,Sufficient,Neutral_non_evaluative,Humor_or_meme,,Medium,Crude joke; no clear evaluative stance on the game itself.,human_single,Non-evaluative text,i gave my friend diharrea,5,25,False,3.730501128804756,Casual (10–50h),False,False,False,False,False,False,True
R0191,G0124,development,2026-06-13,Not Recommended,12.9,0,0,False,True,True,0.4761904776096343,0.0,Its fun if you have friends most people are lame af and kick you right away,English,Sufficient,Mixed,Gameplay_praise,,Medium,,human_single,Qualified / mixed opinion,Its fun if you have friends most people are lame af and kick you right away,16,75,False,2.631888840136646,Casual (10–50h),False,False,False,True,False,False,False
R0192,G0156,locked_test,2026-06-10,Recommended,140.6,0,0,True,False,True,0.5,0.0,played this game since early release days and im still in love with every aspect of the game,English,Sufficient,Positive_only,Gameplay_praise,,High,,human_agreed,Aligned positive,played this game since early release days and im still in love with every aspect of the game,18,92,False,4.953006181259619,Veteran (100–300h),False,False,False,True,False,False,False
R0193,G0152,locked_test,2026-06-10,Not Recommended,117.0,1,1,True,False,True,0.5258620381355285,0.0,"Phasmophobia might just be one of the most neglected games of all time. There is so much potential, but their dev team are absolutely HORRENDOUS at meeting deadlines, and even when they do, they come out with mediocre result. They've had their fair share of excuses, but it is getting out of line. There are TOO many bugs, TOO many hackers, and this one guy called BiscuitBum who lurks on their servers and won't stop threatening to tickle the soles of my feet. Sort. It. Out.",English,Sufficient,Negative_only,Technical_issue,Humor_or_meme,Medium,Central complaint is bugs/hackers/dev unreliability; ends with a joking aside.,human_agreed,Aligned negative,"Phasmophobia might just be one of the most neglected games of all time. There is so much potential, but their dev team are absolutely HORRENDOUS at meeting deadlines, and even when they do, they come out with mediocre result. They've had their fair share of excuses, but it is getting out of line. There are TOO many bugs, TOO many hackers, and this one guy called BiscuitBum who lurks on their servers and won't stop threatening to tickle the soles of my feet. Sort. It. Out.",86,476,False,4.770684624465665,Veteran (100–300h),False,False,True,False,False,False,False
R0194,G0011,development,2026-06-13,Recommended,9.3,0,0,False,False,True,0.5,0.0,a great fun scary game to play with your friends,English,Sufficient,Positive_only,Gameplay_praise,,High,,human_single,Aligned positive,a great fun scary game to play with your friends,10,48,False,2.33214389523559,New (≤10h),False,False,False,True,False,False,False
R0195,G0137,development,2026-06-12,Recommended,56.8,0,0,True,False,True,0.5,0.0,lowk a good game,English,Sufficient,Positive_only,General_evaluation,,Medium,,human_single,Aligned positive,lowk a good game,4,16,False,4.056988775678332,Regular (50–100h),False,False,False,True,False,False,True
R0196,G0191,development,2026-06-11,Recommended,30.8,0,0,True,False,True,0.5,0.0,t,English,Insufficient,Not_applicable,Not_applicable,,High,,human_single,Insufficient text,t,1,1,False,3.459466289786131,Casual (10–50h),False,False,False,False,False,False,True
R0197,G0055,development,2026-06-12,Recommended,134.1,0,0,False,False,True,0.5,0.0,fun game... I recommend,English,Sufficient,Positive_only,Gameplay_praise,,High,,human_single,Aligned positive,fun game... I recommend,4,23,False,4.906015244966153,Veteran (100–300h),False,False,False,True,False,False,True
R0198,G0017,development,2026-06-12,Recommended,16.6,0,0,True,False,True,0.5,0.0,Amazing game and fun to play with friends,English,Sufficient,Positive_only,Gameplay_praise,,High,,human_agreed,Aligned positive,Amazing game and fun to play with friends,8,41,False,2.8678989020441064,Casual (10–50h),False,False,False,True,False,False,False
R0199,G0010,development,2026-06-09,Recommended,27.3,0,0,False,False,True,0.4761904776096343,0.0,a,English,Insufficient,Not_applicable,Not_applicable,,High,,human_single,Insufficient text,a,1,1,False,3.342861804649192,Casual (10–50h),False,False,False,False,False,False,True
R0200,G0142,development,2026-06-11,Recommended,3.4,0,0,True,False,True,0.5,0.0,ok,English,Sufficient,Neutral_non_evaluative,General_evaluation,,Low,'Ok' is lukewarm and treated as non-committal rather than a clear positive/negative claim.,human_single,Non-evaluative text,ok,1,2,False,1.4816045409242156,New (≤10h),False,False,False,False,False,False,True
R0201,G0242,development,2026-06-13,Not Recommended,63.6,2,0,True,False,True,0.5238095521926879,0.0,Wtf happened to this game? On release this had the most simple but effective UI. It has gotten worse with every update since then. WTF is this 2 handed thing?? The equipment manager is not intuitive at all. Did this dev start vibe coding or what? Why change systems that noone complained about??,English,Sufficient,Negative_only,Update_or_change,,High,,human_single,Aligned negative,Wtf happened to this game? On release this had the most simple but effective UI. It has gotten worse with every update since then. WTF is this 2 handed thing?? The equipment manager is not intuitive at all. Did this dev start vibe coding or what? Why change systems that noone complained about??,53,295,False,4.168214410788556,Regular (50–100h),False,True,False,False,False,False,False
R0202,G0073,development,2026-06-09,Recommended,11.7,0,0,False,True,True,0.5,0.0,"Got this game for free from a friend, really fun game overall - (if you know what your doing)",English,Sufficient,Positive_only,Gameplay_praise,,High,,human_single,Aligned positive,"Got this game for free from a friend, really fun game overall - (if you know what your doing)",19,93,False,2.5416019934645457,Casual (10–50h),False,False,False,True,False,False,False
R0203,G0118,development,2026-06-13,Recommended,93.8,0,0,True,False,True,0.5,0.0,"It's a little janky but I think sometimes with games like these, that's what makes them extra fun. I like that when you look up your character breaks their back and that animations are stupid looking. It wouldn't be funny if it was hyper-realistic. That said, it's not really a horror game unless you're scared easily, it's mostly just funny haha time. It's not really a game I play alone much but when I have a friend, we can have fun for hours. Do I wish there were more variety in ghost appearances? Yeah. I wish some of them were less predictable - mimic for example is probably the coolest ghost and I think it would be cooler if they could mimic other ghosts more instead of just also showing orbs. Having more unique traits like the banshee's cry or the wraith's salt aversion would be very cool. Hopefully these things will come in the future. I appreciate that the devs seem dedicated to updating this game and making it better instead of just abandoning it and trying to launch a phasmo 2.",English,Sufficient,Mixed,General_evaluation,Feature_request;Update_or_change,High,,human_single,Qualified / mixed opinion,"It's a little janky but I think sometimes with games like these, that's what makes them extra fun. I like that when you look up your character breaks their back and that animations are stupid looking. It wouldn't be funny if it was hyper-realistic. That said, it's not really a horror game unless you're scared easily, it's mostly just funny haha time. It's not really a game I play alone much but when I have a friend, we can have fun for hours. Do I wish there were more variety in ghost appearances? Yeah. I wish some of them were less predictable - mimic for example is probably the coolest ghost and I think it would be cooler if they could mimic other ghosts more instead of just also showing orbs. Having more unique traits like the banshee's cry or the wraith's salt aversion would be very cool. Hopefully these things will come in the future. I appreciate that the devs seem dedicated to updating this game and making it better instead of just abandoning it and trying to launch a phasmo 2.",183,999,False,4.551769409260976,Regular (50–100h),False,False,True,True,False,False,False
R0204,G0106,development,2026-06-11,Recommended,57.5,0,0,True,False,True,0.5,0.0,"I would just loveee it if there were lobbies for 8 players because i made all my friends buy the game and now that we are 7-8 in our friend group we cannot play together and even if there are some mods for that i cannot trust them to not hack my computer, so im asking for yall to make the game for 8 players pretty please with a cherry on top",English,Sufficient,Neutral_non_evaluative,Feature_request,,High,,human_single,Non-evaluative text,"I would just loveee it if there were lobbies for 8 players because i made all my friends buy the game and now that we are 7-8 in our friend group we cannot play together and even if there are some mods for that i cannot trust them to not hack my computer, so im asking for yall to make the game for 8 players pretty please with a cherry on top",72,343,False,4.069026754237811,Regular (50–100h),False,False,False,False,False,False,False
R0205,G0069,development,2026-06-10,Recommended,0.1,0,0,False,False,True,0.5,0.0,good game. never played though. I dont know how im able to review it.,English,Sufficient,Neutral_non_evaluative,Humor_or_meme,,Low,"States 'good game' but explicitly admits never having played it, undercutting the claim as a joke.",human_single,Non-evaluative text,good game. never played though. I dont know how im able to review it.,14,69,False,0.09531017980432487,New (≤10h),False,False,False,True,False,False,False
R0206,G0199,development,2026-06-12,Not Recommended,377.7,2,0,False,False,True,0.5098039507865905,0.0,"The last like 2.5 years worth of events and updates have been severely underwhelming. First actual new map we get in a long time is a tiny diner map smaller than a lot of the neighborhood maps. Maps that don't really need reworks getting them before maps that desperately need them such as the high school, prison, or point hope lighthouse. Customization finally comes after YEARS of it being wanted and it is very lack luster and underwhelming to the point of it being possibly the biggest L the game has ever taken and ever given to the community. I don't know anymore. It really seems like they just don't care.",English,Sufficient,Negative_only,Update_or_change,Nostalgia_or_loss,High,,human_single,Aligned negative,"The last like 2.5 years worth of events and updates have been severely underwhelming. First actual new map we get in a long time is a tiny diner map smaller than a lot of the neighborhood maps. Maps that don't really need reworks getting them before maps that desperately need them such as the high school, prison, or point hope lighthouse. Customization finally comes after YEARS of it being wanted and it is very lack luster and underwhelming to the point of it being possibly the biggest L the game has ever taken and ever given to the community. I don't know anymore. It really seems like they just don't care.",111,614,False,5.9367443349077496,Hardcore (>300h),False,True,False,True,False,False,False
R0207,G0040,development,2026-06-13,Not Recommended,32.6,1,0,True,False,True,0.5,0.0,"Dude this new update broke my mind. My computer can't even run the game anymore. I had to do a major update that was 3 gigs. no my game wont load, ctds all the time, and when i do get to play its full of stuttering and rubber banding.",English,Sufficient,Negative_only,Technical_issue,,High,,human_single,Aligned negative,"Dude this new update broke my mind. My computer can't even run the game anymore. I had to do a major update that was 3 gigs. no my game wont load, ctds all the time, and when i do get to play its full of stuttering and rubber banding.",49,234,False,3.5145260669691587,Casual (10–50h),False,True,False,False,False,False,False
R0208,G0064,development,2026-06-13,Recommended,97.0,0,0,False,False,True,0.5,0.0,good,English,Sufficient,Positive_only,General_evaluation,,High,,human_single,Aligned positive,good,1,4,False,4.584967478670572,Regular (50–100h),False,False,False,True,False,False,True
R0209,G0096,locked_test,2026-06-10,Recommended,19.9,0,0,True,False,True,0.5,0.0,"i love this game but there are sooooooooo many bugs that need to be fixed. For starters, when i play with others, its super laggy. Also the game likes to shut down a lot.",English,Sufficient,Mixed,Technical_issue,,High,,human_agreed,Qualified / mixed opinion,"i love this game but there are sooooooooo many bugs that need to be fixed. For starters, when i play with others, its super laggy. Also the game likes to shut down a lot.",34,170,False,3.039749158970765,Casual (10–50h),False,False,True,True,False,False,False
R0210,G0038,development,2026-06-12,Recommended,21.3,0,1,True,False,True,0.5,0.0,Dont play solo or you will ♥♥♥♥ your pants,English,Sufficient,Positive_only,Humor_or_meme,Gameplay_praise,Medium,"Implies the game is effectively scary, framed as a joke/warning.",human_single,Aligned positive,Dont play solo or you will ♥♥♥♥ your pants,9,42,False,3.104586678466073,Casual (10–50h),False,False,False,False,False,False,False
R0211,G0036,development,2026-06-13,Recommended,5.2,0,0,True,False,True,0.5,0.0,dadgom spooky,English,Sufficient,Positive_only,Gameplay_praise,,Low,'Dadgom' appears to be slang/typo intensifying 'spooky' as praise; uncertain.,human_single,Aligned positive,dadgom spooky,2,13,False,1.824549292051046,New (≤10h),False,False,False,False,False,False,True
R0212,G0180,development,2026-06-12,Recommended,5.8,0,0,True,False,True,0.5,0.0,sonion,English,Insufficient,Not_applicable,Not_applicable,,Medium,Uninterpretable single word.,human_single,Insufficient text,sonion,1,6,False,1.916922612182061,New (≤10h),False,False,False,False,False,False,True
R0213,G0171,development,2026-06-11,Recommended,3.3,0,0,False,False,True,0.5,0.0,saw the ghost got scared and left,English,Sufficient,Neutral_non_evaluative,General_evaluation,,Low,"Describes an event (scared, left) without an explicit positive/negative judgement.",human_agreed,Non-evaluative text,saw the ghost got scared and left,7,33,False,1.4586150226995167,New (≤10h),False,False,False,False,False,False,False
R0214,G0049,development,2026-06-12,Recommended,11.9,0,0,True,False,True,0.5,0.0,fun,English,Sufficient,Positive_only,Gameplay_praise,,High,,human_single,Aligned positive,fun,1,3,False,2.5572273113676265,Casual (10–50h),False,False,False,True,False,False,True
R0215,G0243,development,2026-06-10,Not Recommended,127.8,0,0,True,False,True,0.5,0.0,yeah mate update the game once every blood moon brilliant idea,English,Sufficient,Negative_only,Update_or_change,,Medium,"Sarcastic tone ('brilliant idea', 'once every blood moon') implies a complaint about update frequency.",human_single,Aligned negative,yeah mate update the game once every blood moon brilliant idea,11,62,False,4.858260813670253,Veteran (100–300h),False,True,False,False,False,False,False
R0216,G0065,locked_test,2026-06-11,Recommended,25.3,0,0,False,False,True,0.5,0.0,good game,English,Sufficient,Positive_only,General_evaluation,,High,,human_agreed,Aligned positive,good game,2,9,False,3.269568939183719,Casual (10–50h),False,False,False,True,False,False,True
R0217,G0179,development,2026-06-10,Recommended,21.7,0,0,True,False,True,0.5,0.0,so badly optimised but when it works its great,English,Sufficient,Mixed,Technical_issue,Gameplay_praise,High,,human_single,Qualified / mixed opinion,so badly optimised but when it works its great,9,46,False,3.122364924487357,Casual (10–50h),False,False,False,True,False,False,False
R0218,G0221,development,2026-06-11,Recommended,8.3,0,0,True,False,True,0.5,0.0,ts is tuff,English,Sufficient,Positive_only,General_evaluation,,Low,Slang 'tuff' interpreted as 'good/cool'.,human_agreed,Aligned positive,ts is tuff,3,10,False,2.2300144001592104,New (≤10h),False,False,False,False,False,False,True
R0219,G0201,locked_test,2026-06-13,Not Recommended,356.2,2,0,True,False,True,0.5454545617103576,0.0,"The new update has ruined this game for me. Equipment is hard to read and the voicebox doesn't seem to work half the time. The characters were charmingly silly in their movements, now they look really creepy. I have enjoyed most of the events in the game and additions/updates but this most recent one has caused me to stop playing altogether.",English,Sufficient,Mixed,Update_or_change,Technical_issue,High,"Explicit concession of enjoying most past updates, alongside strong criticism of this one.",human_adjudicated,Qualified / mixed opinion,"The new update has ruined this game for me. Equipment is hard to read and the voicebox doesn't seem to work half the time. The characters were charmingly silly in their movements, now they look really creepy. I have enjoyed most of the events in the game and additions/updates but this most recent one has caused me to stop playing altogether.",61,343,False,5.878295849002344,Hardcore (>300h),False,True,False,False,True,False,False
R0220,G0056,development,2026-06-11,Recommended,7.3,0,0,False,False,True,0.5,0.0,funny money paw,English,Insufficient,Not_applicable,Not_applicable,,Low,Likely refers to an in-game item but is too fragmentary to interpret confidently.,human_single,Insufficient text,funny money paw,3,15,False,2.1162555148025524,New (≤10h),False,False,False,False,False,False,True
R0221,G0016,development,2026-06-10,Recommended,29.2,0,0,False,False,True,0.5,0.0,"Amazing and funny with friends, itches the grind I enjoy. Despite the mixed reviews, I LOVE the game",English,Sufficient,Positive_only,Gameplay_praise,,Medium,"'Despite the mixed reviews' refers to others' opinions, not the reviewer's own, which is clearly positive.",human_single,Aligned positive,"Amazing and funny with friends, itches the grind I enjoy. Despite the mixed reviews, I LOVE the game",18,100,False,3.407841924380824,Casual (10–50h),False,False,False,True,False,False,False
R0222,G0065,locked_test,2026-06-10,Recommended,3.6,0,0,True,False,True,0.5,0.0,good game,English,Sufficient,Positive_only,General_evaluation,,High,,human_agreed,Aligned positive,good game,2,9,False,1.5260563034950492,New (≤10h),False,False,False,True,False,False,True
R0223,G0246,locked_test,2026-06-09,Recommended,31.4,0,0,True,False,True,0.5,0.0,YURT,English,Insufficient,Not_applicable,Not_applicable,,Medium,Uninterpretable meme term with no evaluative context.,human_agreed,Insufficient text,YURT,1,4,False,3.4781584227982836,Casual (10–50h),False,False,False,False,False,False,True
R0224,G0071,development,2026-06-09,Recommended,81.2,0,0,True,False,True,0.5,0.0,gooood gameeee,English,Sufficient,Positive_only,General_evaluation,,High,,human_single,Aligned positive,gooood gameeee,2,14,False,4.409155302062135,Regular (50–100h),False,False,False,False,False,False,True
R0225,G0032,development,2026-06-11,Not Recommended,0.2,0,0,False,False,True,0.4885057508945465,0.0,"brokem fretzffef sdd ha,e",English,Insufficient,Not_applicable,Not_applicable,,High,Gibberish/typo string.,human_single,Insufficient text,"brokem fretzffef sdd ha,e",4,25,False,0.18232155679395465,New (≤10h),False,False,False,False,False,False,True
R0226,G0030,development,2026-06-13,Recommended,27.8,0,0,True,False,True,0.5,0.0,BOOOOOO,English,Insufficient,Not_applicable,Not_applicable,,Low,"Ambiguous; could be a playful ghost noise or booing/disapproval, with no clear evaluative marker.",human_single,Insufficient text,BOOOOOO,1,7,False,3.3603753871419,Casual (10–50h),False,False,False,False,False,False,True
R0227,G0101,development,2026-06-11,Recommended,71.8,0,0,True,False,True,0.5,0.0,i shat my pants at least thrice,English,Sufficient,Positive_only,Humor_or_meme,Gameplay_praise,Medium,Humorous account implying the game is effectively scary.,human_single,Aligned positive,i shat my pants at least thrice,7,31,False,4.28771595520264,Regular (50–100h),False,False,False,False,False,False,False
R0228,G0100,development,2026-06-12,Recommended,165.4,0,0,False,False,True,0.5,0.0,"I really like the game! It is thrilling and a fun co-op game but recently the game is very buggy and I would like it to be fixed so I can play happily and properly! Overall, I still recommend the game despite its flaws!",English,Sufficient,Mixed,Gameplay_praise,Technical_issue,High,,human_single,Qualified / mixed opinion,"I really like the game! It is thrilling and a fun co-op game but recently the game is very buggy and I would like it to be fixed so I can play happily and properly! Overall, I still recommend the game despite its flaws!",44,219,False,5.114394528387108,Veteran (100–300h),False,False,False,True,False,False,False
R0229,G0230,development,2026-06-09,Recommended,33.3,0,0,True,False,True,0.5,0.0,Very fun game to play with friends,English,Sufficient,Positive_only,Gameplay_praise,,High,,human_single,Aligned positive,Very fun game to play with friends,7,34,False,3.535145354171894,Casual (10–50h),False,False,False,True,False,False,False
R0230,G0050,development,2026-06-10,Recommended,3.8,0,0,True,False,True,0.5,0.0,Fun and Funny. Play it with friends all the time and barely solve any haunts.,English,Sufficient,Positive_only,Gameplay_praise,,High,,human_single,Aligned positive,Fun and Funny. Play it with friends all the time and barely solve any haunts.,15,77,False,1.5686159179138452,New (≤10h),False,False,False,True,False,False,False
R0231,G0109,development,2026-06-12,Not Recommended,147.9,3,0,True,False,True,0.52173912525177,0.0,"I've had some great times with this game but it seems that there are more bugs than ever in this game. I've most notably had consistent issues with incense or smudge sticks just not working at all. The new ""immersive animations"" make this game feel a lot clunkier, slower, and overall just less responsive to input than ever before. I missed when this game was just a simple and fun game to come to when you just wanted to have fun, but the decisions in what to implement into this game have led this game off a cliff.",English,Sufficient,Mixed,Update_or_change,Technical_issue,Medium,"Bugs are framed as resulting from recent implementation choices, not standalone performance issues.",human_adjudicated,Qualified / mixed opinion,"I've had some great times with this game but it seems that there are more bugs than ever in this game. I've most notably had consistent issues with incense or smudge sticks just not working at all. The new ""immersive animations"" make this game feel a lot clunkier, slower, and overall just less responsive to input than ever before. I missed when this game was just a simple and fun game to come to when you just wanted to have fun, but the decisions in what to implement into this game have led this game off a cliff.",98,518,False,5.003274939689963,Veteran (100–300h),False,False,True,True,False,False,False
R0232,G0031,development,2026-06-13,Not Recommended,12.8,0,0,True,False,True,0.4761904776096343,0.0,boring ass game but its funny to hear my friends cry in fear,English,Sufficient,Mixed,Humor_or_meme,,Medium,Calls the game 'boring' (negative) but funny to hear friends scared (positive); both material.,human_single,Qualified / mixed opinion,boring ass game but its funny to hear my friends cry in fear,13,60,False,2.624668592163159,Casual (10–50h),False,False,False,False,True,False,False
R0233,G0120,development,2026-06-13,Recommended,29.1,0,0,True,False,True,0.5,0.0,its a fun game to play with your friends,English,Sufficient,Positive_only,Gameplay_praise,,High,,human_single,Aligned positive,its a fun game to play with your friends,9,40,False,3.40452517175483,Casual (10–50h),False,False,False,True,False,False,False
R0234,G0151,development,2026-06-12,Recommended,5.0,0,0,True,False,True,0.5,0.0,"Phasmophobia is exactly the kind of ghost-hunting chaos I want. The problem is that I have no friends to play it with. Which is rude, because this game is clearly built for group panic. I want to walk into a haunted house with a flashlight, a dream, and the confidence of someone who has watched way too much Sam and Colby. I want to ask ghosts disrespectful questions, immediately regret it, and then scream because something moved in the kitchen. The whole setup is so good. You gather evidence, use equipment, watch for signs, try to figure out what kind of ghost you are dealing with, and then attempt to leave before it turns your investigation into a funeral announcement. It is creepy, funny, stressful, and so much better when everyone is panicking together. One person is trying to be serious. One person is already hiding in the van. One person is yelling the ghost’s name like they have never heard of consequences. That is the dream. Even without a full group, I still love the idea of it. The atmosphere is tense, the ghost mechanics are fun, and every investigation feels like it could go from “we are professionals” to “absolutely not, goodbye” in half a second. Phasmophobia lets me live my Sam and Colby dreams, or at least it would if my friends would get their lives together and play with me. Until then, I am just standing outside the haunted house with equipment, trust issues, and no backup.",English,Sufficient,Positive_only,Gameplay_praise,,High,,human_single,Aligned positive,"Phasmophobia is exactly the kind of ghost-hunting chaos I want. The problem is that I have no friends to play it with. Which is rude, because this game is clearly built for group panic. I want to walk into a haunted house with a flashlight, a dream, and the confidence of someone who has watched way too much Sam and Colby. I want to ask ghosts disrespectful questions, immediately regret it, and then scream because something moved in the kitchen. The whole setup is so good. You gather evidence, use equipment, watch for signs, try to figure out what kind of ghost you are dealing with, and then attempt to leave before it turns your investigation into a funeral announcement. It is creepy, funny, stressful, and so much better when everyone is panicking together. One person is trying to be serious. One person is already hiding in the van. One person is yelling the ghost’s name like they have never heard of consequences. That is the dream. Even without a full group, I still love the idea of it. The atmosphere is tense, the ghost mechanics are fun, and every investigation feels like it could go from “we are professionals” to “absolutely not, goodbye” in half a second. Phasmophobia lets me live my Sam and Colby dreams, or at least it would if my friends would get their lives together and play with me. Until then, I am just standing outside the haunted house with equipment, trust issues, and no backup.",251,1414,False,1.791759469228055,New (≤10h),False,False,False,True,True,False,False
R0235,G0153,development,2026-06-11,Recommended,46.5,0,0,True,False,True,0.5,0.0,"Phasmophobia: A Masterclass in Shared Terror If you had told me a few years ago that I’d spend my weekends willingly walking into dark, haunted houses just to get mocked by a demon via a Spirit Box, I would have called you crazy. Yet, here I am, utterly hooked on Phasmophobia. While the game is brilliant as a solo horror experience, it truly transcends into something special when played in co-op. I’ve been playing exclusively with my brother, and it has easily become our favorite gaming ritual. The Joy of Custom Terrors What keeps Phasmophobia so incredibly fresh—even after hours of hunting—is how adaptable it is. Once you get a handle on the basic mechanics, the game gives you the freedom to make your own fun. My brother and I have started cooking up our own custom challenges to test our nerves, like: The ""No Flashlight"" Challenge: Relying strictly on candles and glowsticks to navigate a massive asylum. The Speed-Run: Trying to identify the ghost and escape within five minutes. The sandbox nature of the difficulty settings allows you to tweak the game to perfectly match your skill level, keeping the tension sky-high. The Thrill of the Hunt (and the Loot) Beyond just surviving, there is a genuine addiction to searching the maps for cursed possessions. There is nothing quite like the chaotic adrenaline rush of finding a deck of Tarot Cards. The dynamic changes instantly: do we play it safe, or do we risk pulling a High Priestess (or worse, the Death card) just for the thrill of it? Hunting down these items, filling up the investigation journal, and snapping perfect photos of the paranormal feels less like a repetitive loop and more like a genuine, eerie treasure hunt. The Verdict Phasmophobia balances genuine, heart-pounding dread with incredible cooperative gameplay. The sound design is top-tier (hearing a ghost breathe right in your ear will never not make you jump), and the proximity chat creates unforgettable moments of panic and comedy. If you have a dedicated gaming partner—like a sibling who is willing to use you as ghost bait—this game is an absolute must-play. It’s scary, it’s chaotic, and it’s some of the most fun you can have in the dark.",English,Sufficient,Positive_only,Gameplay_praise,,High,,human_single,Aligned positive,"Phasmophobia: A Masterclass in Shared Terror If you had told me a few years ago that I’d spend my weekends willingly walking into dark, haunted houses just to get mocked by a demon via a Spirit Box, I would have called you crazy. Yet, here I am, utterly hooked on Phasmophobia. While the game is brilliant as a solo horror experience, it truly transcends into something special when played in co-op. I’ve been playing exclusively with my brother, and it has easily become our favorite gaming ritual. The Joy of Custom Terrors What keeps Phasmophobia so incredibly fresh—even after hours of hunting—is how adaptable it is. Once you get a handle on the basic mechanics, the game gives you the freedom to make your own fun. My brother and I have started cooking up our own custom challenges to test our nerves, like: The ""No Flashlight"" Challenge: Relying strictly on candles and glowsticks to navigate a massive asylum. The Speed-Run: Trying to identify the ghost and escape within five minutes. The sandbox nature of the difficulty settings allows you to tweak the game to perfectly match your skill level, keeping the tension sky-high. The Thrill of the Hunt (and the Loot) Beyond just surviving, there is a genuine addiction to searching the maps for cursed possessions. There is nothing quite like the chaotic adrenaline rush of finding a deck of Tarot Cards. The dynamic changes instantly: do we play it safe, or do we risk pulling a High Priestess (or worse, the Death card) just for the thrill of it? Hunting down these items, filling up the investigation journal, and snapping perfect photos of the paranormal feels less like a repetitive loop and more like a genuine, eerie treasure hunt. The Verdict Phasmophobia balances genuine, heart-pounding dread with incredible cooperative gameplay. The sound design is top-tier (hearing a ghost breathe right in your ear will never not make you jump), and the proximity chat creates unforgettable moments of panic and comedy. If you have a dedicated gaming partner—like a sibling who is willing to use you as ghost bait—this game is an absolute must-play. It’s scary, it’s chaotic, and it’s some of the most fun you can have in the dark.",371,2186,False,3.8607297110405954,Casual (10–50h),False,False,False,True,False,False,False
R0236,G0065,locked_test,2026-06-09,Recommended,7.1,0,0,True,False,True,0.5,0.0,GOOD GAME,English,Sufficient,Positive_only,General_evaluation,,High,,human_agreed,Aligned positive,GOOD GAME,2,9,False,2.0918640616783932,New (≤10h),False,False,False,True,False,False,True
R0237,G0140,locked_test,2026-06-13,Not Recommended,23.8,0,0,True,False,True,0.5,0.0,No,English,Insufficient,Not_applicable,Not_applicable,,Medium,Single-word answer with no context stating what it refers to.,human_agreed,Insufficient text,No,1,2,False,3.2108436531709366,Casual (10–50h),False,False,False,False,False,False,True
R0238,G0042,development,2026-06-09,Recommended,3.1,0,0,True,False,True,0.5,0.0,enter truck get items enter house emf 5 front door close demon hear voice dead game fun and scarey,English,Sufficient,Positive_only,Gameplay_praise,Humor_or_meme,Medium,Terse gameplay recap ending with 'fun and scarey'.,human_single,Aligned positive,enter truck get items enter house emf 5 front door close demon hear voice dead game fun and scarey,19,98,False,1.410986973710262,New (≤10h),False,False,False,True,False,False,False
R0239,G0202,development,2026-06-13,Recommended,3.6,0,0,True,False,True,0.5,0.0,the only thing i was certain was the what ever it was it wanted me gone 10/10,English,Sufficient,Positive_only,Gameplay_praise,,Medium,Slightly cryptic phrasing but ends with a clear positive 10/10 rating.,human_single,Aligned positive,the only thing i was certain was the what ever it was it wanted me gone 10/10,17,77,False,1.5260563034950492,New (≤10h),False,False,False,False,False,False,False
R0240,G0102,development,2026-06-13,Recommended,311.7,0,0,,,,,,"I should preface this review by saying that I’ve only been playing this game for the past year or so, so whilst there are a considerable number of players who have a legitimate gripe about this game being stuck in early-access Hell, I can’t count myself amongst them, although that being said, I do see their side of things. If you love ghost hunting or just the paranormal in general, this game is for you. And for those that aren’t, don’t worry; it’s a great game to play with friends, especially if you’re looking for something spooky, on the cheaper side, and with great replayability. Recent updates have been... janky to say the least, and there are inconsistencies with the mechanics that do need addressing. However, the team behind it is actively adding new updates/events pretty consistently, so some turbulence is to be expected. The new character model system has been especially devicive, but don’t let that put you off; as long as you’re not expecting in-depth character customization, you should be fine. At the end of the day, for £16, I feel I’ve gotten way more than my money’s worth out of it and will continue to do so. I hope you do too!",English,Sufficient,Mixed,Gameplay_praise,Update_or_change,High,,human_single,Qualified / mixed opinion,"I should preface this review by saying that I’ve only been playing this game for the past year or so, so whilst there are a considerable number of players who have a legitimate gripe about this game being stuck in early-access Hell, I can’t count myself amongst them, although that being said, I do see their side of things. If you love ghost hunting or just the paranormal in general, this game is for you. And for those that aren’t, don’t worry; it’s a great game to play with friends, especially if you’re looking for something spooky, on the cheaper side, and with great replayability. Recent updates have been... janky to say the least, and there are inconsistencies with the mechanics that do need addressing. However, the team behind it is actively adding new updates/events pretty consistently, so some turbulence is to be expected. The new character model system has been especially devicive, but don’t let that put you off; as long as you’re not expecting in-depth character customization, you should be fine. At the end of the day, for £16, I feel I’ve gotten way more than my money’s worth out of it and will continue to do so. I hope you do too!",205,1158,False,5.745244264463795,Hardcore (>300h),False,True,True,True,False,False,False
R0241,G0249,development,2026-06-11,Not Recommended,38.3,1,0,True,False,True,0.5098039507865905,0.0,не,Non-English,Insufficient,Not_applicable,Not_applicable,,High,,human_single,Insufficient text,не,1,2,False,3.6712245188752153,Casual (10–50h),True,False,False,False,False,False,True
R0242,G0183,development,2026-06-13,Recommended,19.7,0,0,True,False,True,0.5,0.0,Spooky ghosts be everywhere.,English,Sufficient,Neutral_non_evaluative,Humor_or_meme,,Medium,,human_agreed,Non-evaluative text,Spooky ghosts be everywhere.,4,28,False,3.0301337002713233,Casual (10–50h),False,False,False,False,False,False,True
R0243,G0047,development,2026-06-10,Recommended,113.1,0,0,True,False,True,0.5,0.0,Find ghost... ver fun,English,Sufficient,Positive_only,Gameplay_praise,,Medium,,human_single,Aligned positive,Find ghost... ver fun,4,21,False,4.73707525686803,Veteran (100–300h),False,False,False,True,False,False,True
R0244,G0022,locked_test,2026-06-11,Recommended,14.4,0,0,True,False,True,0.4885057508945465,0.0,ayyyy,English,Insufficient,Not_applicable,Not_applicable,,Medium,Exclamation with no interpretable evaluative content.,human_agreed,Insufficient text,ayyyy,1,5,False,2.7343675094195836,Casual (10–50h),False,False,False,False,False,False,True
R0245,G0162,development,2026-06-11,Recommended,72.7,0,0,True,False,True,0.5,0.0,Pretty good,English,Sufficient,Positive_only,General_evaluation,,High,,human_single,Aligned positive,Pretty good,2,11,False,4.300002799195291,Regular (50–100h),False,False,False,True,False,False,True
R0246,G0144,development,2026-06-09,Recommended,1344.7,0,1,False,False,True,0.5,0.0,One of the best games out there at the moment! So stoked to see it become a movie!,English,Sufficient,Positive_only,Gameplay_praise,,High,,human_single,Aligned positive,One of the best games out there at the moment! So stoked to see it become a movie!,18,82,False,7.2046696027474955,Hardcore (>300h),False,False,False,True,False,False,False
R0247,G0228,development,2026-06-10,Recommended,5.1,0,0,True,False,True,0.5,0.0,very fun but can be scary at moments,English,Sufficient,Positive_only,Gameplay_praise,,High,,human_single,Aligned positive,very fun but can be scary at moments,8,36,False,1.8082887711792655,New (≤10h),False,False,False,True,False,False,False
R0248,G0015,development,2026-06-11,Not Recommended,235.5,3,0,False,False,True,0.5388669371604919,0.0,"Absolutely loved this game for years, enough that I rebought the game after losing my steam account, always came back time after time. Saw all the changes to the lobbies, maps, equipment, progression, ghosts, etc... and stuck with it. But I'm done, I can't do it anymore, they killed the game I loved playing with my friends for hours. Don't trust the positive reviews, this game has run into the ground. Can't even look at it the same anymore.",English,Sufficient,Mixed,Nostalgia_or_loss,,High,,human_single,Qualified / mixed opinion,"Absolutely loved this game for years, enough that I rebought the game after losing my steam account, always came back time after time. Saw all the changes to the lobbies, maps, equipment, progression, ghosts, etc... and stuck with it. But I'm done, I can't do it anymore, they killed the game I loved playing with my friends for hours. Don't trust the positive reviews, this game has run into the ground. Can't even look at it the same anymore.",79,444,False,5.465948207931988,Veteran (100–300h),False,False,False,False,False,True,False
R0249,G0213,development,2026-06-10,Not Recommended,206.6,3,0,False,False,True,0.5435684919357299,0.0,This game use to be really fun but the latest update with player customization and animations has just killed the game for me and im going to uninstall it and im not the only one all my friends hate it and we do not enjoy playing anymore. i understand what they were trying to do but they runied it and the customization is so trash. You need to buy everything and even then all the options are trash. Also the fact it is still in early access is just crazy to me its just like 7 days to die. a legit joke,English,Sufficient,Negative_only,Update_or_change,,High,,human_single,Aligned negative,This game use to be really fun but the latest update with player customization and animations has just killed the game for me and im going to uninstall it and im not the only one all my friends hate it and we do not enjoy playing anymore. i understand what they were trying to do but they runied it and the customization is so trash. You need to buy everything and even then all the options are trash. Also the fact it is still in early access is just crazy to me its just like 7 days to die. a legit joke,102,505,False,5.335613151291733,Veteran (100–300h),False,True,False,True,True,False,False
R0250,G0028,development,2026-06-12,Recommended,19.9,0,1,True,False,True,0.5,0.0,best horror co op game,English,Sufficient,Positive_only,Gameplay_praise,,High,,human_single,Aligned positive,best horror co op game,5,22,False,3.039749158970765,Casual (10–50h),False,False,False,True,False,False,True
R0251,G0026,development,2026-06-12,Recommended,107.3,0,1,True,False,True,0.5,0.0,best game,English,Sufficient,Positive_only,General_evaluation,,High,,human_agreed,Aligned positive,best game,2,9,False,4.684905154006945,Veteran (100–300h),False,False,False,True,False,False,True
R0252,G0006,locked_test,2026-06-11,Recommended,36.1,0,0,True,False,True,0.5,0.0,67,English,Insufficient,Not_applicable,Not_applicable,,Medium,Likely a meme reference ('six-seven'); no interpretable evaluative content alone.,human_agreed,Insufficient text,67,1,2,False,3.6136169696133895,Casual (10–50h),False,False,False,False,False,False,True
R0253,G0082,development,2026-06-09,Recommended,130.8,0,0,True,False,True,0.5,0.0,hawt class,English,Sufficient,Positive_only,General_evaluation,,Low,"Slang ('hawt', 'class') interpreted as praise.",human_single,Aligned positive,hawt class,2,10,False,4.881285622068407,Veteran (100–300h),False,False,False,False,False,False,True
R0254,G0003,development,2026-06-12,Recommended,14.0,0,0,True,False,True,0.5,0.0,.,English,Insufficient,Not_applicable,Not_applicable,,High,Empty/punctuation-only text.,human_single,Insufficient text,.,1,1,False,2.70805020110221,Casual (10–50h),False,False,False,False,False,False,True
R0255,G0224,development,2026-06-12,Not Recommended,283.4,2,0,True,False,True,0.5098039507865905,0.0,"Used to be a fun game to play. It turned into an unplayable, buggy feeling and looking game. The new overhaul of the maps and movement are janky at best. The new, revamped maps. They aren't my cup of tea. Please bring back a legacy version of the game.",English,Sufficient,Negative_only,Update_or_change,Nostalgia_or_loss,High,,human_single,Aligned negative,"Used to be a fun game to play. It turned into an unplayable, buggy feeling and looking game. The new overhaul of the maps and movement are janky at best. The new, revamped maps. They aren't my cup of tea. Please bring back a legacy version of the game.",49,252,False,5.6503816979290855,Veteran (100–300h),False,False,True,True,False,True,False
R0256,G0163,development,2026-06-10,Recommended,63.6,0,0,True,False,True,0.5,0.0,"pretty good, only wish we could also exercise the ghost with the evidence we found, would be a cool feature",English,Sufficient,Positive_only,Feature_request,,Medium,"The wish is framed as an enthusiastic add-on, not a stated complaint about the current game.",human_adjudicated,Aligned positive,"pretty good, only wish we could also exercise the ghost with the evidence we found, would be a cool feature",20,107,False,4.168214410788556,Regular (50–100h),False,False,False,True,False,False,False
R0257,G0046,development,2026-06-12,Recommended,26.6,0,0,False,False,True,0.5,3.0,fent folding ghost killed my hb,English,Insufficient,Not_applicable,Not_applicable,,Low,Slang/shorthand too ambiguous to interpret confidently.,human_single,Insufficient text,fent folding ghost killed my hb,6,31,False,3.3178157727231046,Casual (10–50h),False,False,False,False,False,False,False
R0258,G0085,locked_test,2026-06-09,Recommended,4.3,0,0,True,False,True,0.5,1.0,Hunting ghosts but the ghosts are also hunting me,English,Sufficient,Neutral_non_evaluative,General_evaluation,,Medium,Descriptive wordplay about the core gameplay loop; no explicit judgement.,human_agreed,Non-evaluative text,Hunting ghosts but the ghosts are also hunting me,9,49,False,1.667706820558076,New (≤10h),False,False,False,False,False,False,False
R0259,G0235,locked_test,2026-06-11,Recommended,70.9,0,1,True,False,True,0.5,0.0,"Walked in room,saw friend doing a ritual,woke up my sister from chanting,got strangled,hopped on phasmaphobia 10\10",English,Sufficient,Positive_only,Humor_or_meme,Gameplay_praise,Medium,Playful anecdote ending in a positive 10/10 rating.,human_agreed,Aligned positive,"Walked in room,saw friend doing a ritual,woke up my sister from chanting,got strangled,hopped on phasmaphobia 10\10",16,115,False,4.275276264727001,Regular (50–100h),False,False,False,False,False,False,False
R0260,G0061,development,2026-06-09,Recommended,13.2,0,0,False,False,True,0.5,0.0,ghost scary good with friends ( i think? ),English,Sufficient,Positive_only,Gameplay_praise,,Medium,Hedge ('i think?') doesn't negate the stated positive elements.,human_single,Aligned positive,ghost scary good with friends ( i think? ),9,42,False,2.653241964607215,Casual (10–50h),False,False,False,True,False,False,False
R0261,G0004,development,2026-06-12,Recommended,10.5,0,0,True,False,True,0.5,0.0,10/10 so much fun type ♥♥♥♥,English,Sufficient,Positive_only,Gameplay_praise,,Medium,Censored word does not obscure the clearly positive rating and tone.,human_single,Aligned positive,10/10 so much fun type ♥♥♥♥,6,27,False,2.4423470353692043,Casual (10–50h),False,False,False,True,False,False,False
R0262,G0164,development,2026-06-09,Not Recommended,43.4,0,0,True,False,True,0.5,0.0,"pretty much unplayable now, focused on the wrong things first. Why try to update graphics before adding dynamism to the game? the death animations have lost all impact and are just the same old garbage. There are so many ghosts each should have different types of animations... another case of tired devs and failed potential",English,Sufficient,Negative_only,Update_or_change,Technical_issue,High,,human_single,Aligned negative,"pretty much unplayable now, focused on the wrong things first. Why try to update graphics before adding dynamism to the game? the death animations have lost all impact and are just the same old garbage. There are so many ghosts each should have different types of animations... another case of tired devs and failed potential",55,325,False,3.7932394694381792,Casual (10–50h),False,True,True,False,False,False,False
