review_key,analysis_review,recommendation,recommendation_group,actual_sentiment,sentiment_group,primary_category,secondary_category,review_category_group,mismatch_type,mismatch_group,playtime_hours,player_group,word_count,helpful_count,funny_count,engagement_score,contains_update_keyword,contains_bug_or_degradation,contains_positive_emotion,contains_negative_emotion,is_mourning,is_low_information,is_soft_mismatch_candidate,is_recommended,is_negative_recommendation,is_positive_sentiment,is_negative_sentiment,is_mixed_or_ambiguous,is_mismatch_or_ambiguous,annotation_confidence,annotation_source
rushed out a buggy and broken update so they could do an alan wake (2) collab. marvelous.,Rushed out a buggy and broken update so they could do an Alan Wake (2) collab. Marvelous.,Not Recommended,Not Recommended,Negative,Negative,Update Backlash,Sarcasm / Bug Complaint,Dissatisfaction Theme,Aligned Negative,Aligned Negative,77.1,Regular,17,0,0,0,False,False,False,True,False,False,False,False,True,False,True,False,False,High,pilot_manual
the latest update has ruined the experience for me ( bendy back gone),The latest update has ruined the experience for me ( bendy back gone),Not Recommended,Not Recommended,Negative,Negative,Update Backlash,Mourning-lite,Dissatisfaction Theme,Aligned Negative,Aligned Negative,23.5,Casual,13,3,0,3,False,False,False,True,False,False,False,False,True,False,True,False,False,High,pilot_manual
"this last update was a mess. it's been on the roadmap since 2022 yet the devs keep saying it was rushed at every turn. an update that is a flawed mess of so called features. if you like awful ai like animations and a dev team that will lie about the poor quality of updates and then deflect when called out for the lie, this is the game for you. if you don't want your model's hand in the middle of your screen or motion sickness from janky movement, the other side is a much better alternative. also the cosmetics reset when you prestige so not only are they costly in game currency wise, but you cant even hold onto them if you want to get a new id card for your account. i have played this game since before dots was an evidence type and with this update and the devs response to the blowback, i cant in good faith recommend this game to anyone.","This last update was a mess. It's been on the roadmap since 2022 yet the devs keep saying it was rushed at every turn. An update that is a flawed mess of so called features. If you like awful AI like animations and a dev team that will lie about the poor quality of updates and then deflect when called out for the lie, this is the game for you. If you don't want your model's hand in the middle of your screen or motion sickness from janky movement, The Other Side is a much better alternative. Also the cosmetics reset when you prestige so not only are they costly in game currency wise, but you cant even hold onto them if you want to get a new ID card for your account. I have played this game since before DOTs was an evidence type and with this update and the devs response to the blowback, I cant in good faith recommend this game to anyone.",Not Recommended,Not Recommended,Negative,Negative,Update Backlash,Developer Criticism,Dissatisfaction Theme,Aligned Negative,Aligned Negative,65.4,Regular,166,4,0,4,False,False,True,True,False,False,False,False,True,False,True,False,False,High,pilot_manual
"tl;dr don't get it yet character customization added animations that made it so sluggish i have played this game for many hours, maybe not as much as some of the community but still enough to enjoy my time with this game, i have been through the janky times of when the game first came out and i am still here with the janky times with the new character customization, and i cant currently recommend getting this game in its current state, it was just simply better before the customization update but now it feels sluggish, and while i understand the devs have fixed some of the issues with the alan wake release, it still isn't enough. this character customization update has been in the works for years, been pushed back time after time and it still comes out as a buggy mess the hell were the delays for then?","TL;DR Don't get it yet character customization added animations that made it so sluggish I have played this game for many hours, maybe not as much as some of the community but still enough to enjoy my time with this game, I have been through the janky times of when the game first came out and I am still here with the janky times with the new character customization, and I cant currently recommend getting this game in its current state, it was just simply better before the customization update but now it feels sluggish, and while I understand the devs have fixed some of the issues with the Alan Wake release, it still isn't enough. This Character Customization update has been in the works for years, been pushed back time after time and it still comes out as a buggy mess the hell were the delays for then?",Not Recommended,Not Recommended,Negative,Negative,Update Backlash,Bug / Gameplay Degradation,Dissatisfaction Theme,Aligned Negative,Aligned Negative,470.5,Hardcore,149,0,0,0,False,False,True,True,False,False,False,False,True,False,True,False,False,High,pilot_manual
"i used to really love playing this game, but it seems the devs have just been making questionable decisions ever since the item update. rather than rework maps that no one likes, like school or prison, they reworked a beloved map. i actually like new tanglewood, but it feels like they only did that because it was much easier to rework than a bigger map. the new update with character customization, which is when i'm writing this, added a load of new weird things i wish didn't make it to live. using items now feels sluggish and can often be detrimental for survival when the ghost spawns right next to you to hunt. wanna use incense? hope you like the 1 second long animation before it gets going. wanna use t3 salt to slow the ghost? another 1 second animation. the way a lot of items are held now also bothers me as i can barely read the details some of the items have on their display now. it's so tiny and low resolution due to the distance from the camera that it makes it difficult to actually use stuff like t1 thermometer or even t3 sound recorder. holding a video camera on a tripod also sucks since the screen on the camera is insanely tiny while holding just the camera puts it waaaay too close to my screen and i can't see anything but the little screen. the new character animations are broken and look worse than the placeholder ones we had. someone turns around and the legs break. the arms and wrists look broken when holding most items, etc. to top it all off, they somehow broke dropping items. i've essentially gotten softlocked almost every job since the update since dropping an item is a gamble on whether or not it falls through the map. goodbye perfect hunts. there's also still the bug of getting 3 evidence for one ghost, but it's a completely different ghost, and no, i'm not talking about a mimic. i mean getting 3 evidence for a wraith, but it somehow ends up being a spirit despite having proof that all the evidence wasn't for spirit. it's a shame because this game was a lot of fun to me, even on solo. it's still fun at its core, but with each new update comes a new issue that actively harms gameplay. i really hope the devs actually fix the bigger problems instead of focusing on small things because they're easier to do.","I used to really love playing this game, but it seems the devs have just been making questionable decisions ever since the item update. Rather than rework maps that no one likes, like school or prison, they reworked a beloved map. I actually like new Tanglewood, but it feels like they only did that because it was much easier to rework than a bigger map. The new update with character customization, which is when I'm writing this, added a load of new weird things I wish didn't make it to live. Using items now feels sluggish and can often be detrimental for survival when the ghost spawns right next to you to hunt. Wanna use incense? Hope you like the 1 second long animation before it gets going. Wanna use T3 salt to slow the ghost? Another 1 second animation. The way a lot of items are held now also bothers me as I can barely read the details some of the items have on their display now. It's so tiny and low resolution due to the distance from the camera that it makes it difficult to actually use stuff like T1 thermometer or even T3 sound recorder. Holding a video camera on a tripod also sucks since the screen on the camera is insanely tiny while holding JUST the camera puts it WAAAAY too close to my screen and I can't see anything but the little screen. The new character animations are broken and look worse than the placeholder ones we had. Someone turns around and the legs break. The arms and wrists look broken when holding most items, etc. To top it all off, they somehow broke dropping items. I've essentially gotten softlocked almost every job since the update since dropping an item is a gamble on whether or not it falls through the map. Goodbye perfect hunts. There's also still the bug of getting 3 evidence for one ghost, but it's a completely different ghost, and no, I'm not talking about a mimic. I mean getting 3 evidence for a wraith, but it somehow ends up being a spirit despite having proof that all the evidence wasn't for spirit. It's a shame because this game was a lot of fun to me, even on solo. It's still fun at its core, but with each new update comes a new issue that actively harms gameplay. I really hope the devs actually fix the bigger problems instead of focusing on small things because they're easier to do.",Not Recommended,Not Recommended,Negative,Negative,Mourning,Update Backlash,Dissatisfaction Theme,Aligned Negative,Aligned Negative,476.6,Hardcore,418,3,0,3,False,False,True,True,False,False,False,False,True,False,True,False,False,High,pilot_manual
"6 years and tons of money yet they can't get this game right, utter clown devs.","6 years and tons of money yet they can't get this game right, Utter clown devs.",Not Recommended,Not Recommended,Negative,Negative,Genuine Negative,Developer Criticism,Clear Opinion,Aligned Negative,Aligned Negative,50.0,Casual,16,9,1,10,False,False,False,False,False,False,False,False,True,False,True,False,False,High,pilot_manual
"phas had a special jankyness that brought a little charm to the game. only thing they ever needed to fix was loading screen bugs and ghosts not functioning properly. the community asks for workshop or for more maps that make sense at the very least, just a few character customization options, more equipment, etc. instead we got poop from a butt because the devs think they know better. this game has been downhill since they added the â¥â¥â¥â¥â¥â¥â¥ loadouts and bad way to add stuff to the truck. quite literally the worst change to a game i've ever seen in my life. ""hey this exceedingly simple way to buy and add stuff to the truck looks a little plain, lets completely overhaul it and make it a guessing game as to what you just bought and to where it just went on the screen."" if we got a team of 5th graders to make a roadmap for this game we truly would have a better turnout.","Phas had a special jankyness that brought a little charm to the game. Only thing they ever needed to fix was loading screen bugs and ghosts not functioning properly. The community asks for workshop or for more maps that make sense at the very least, just a few character customization options, more equipment, etc. Instead we got poop from a butt because the devs think they know better. This game has been downhill since they added the â¥â¥â¥â¥â¥â¥â¥ loadouts and bad way to add stuff to the truck. Quite literally the worst change to a game I've ever seen in my life. ""hey this exceedingly simple way to buy and add stuff to the truck looks a little plain, lets completely overhaul it and make it a guessing game as to what you just bought and to where it just went on the screen."" If we got a team of 5th graders to make a roadmap for this game we truly would have a better turnout.",Not Recommended,Not Recommended,Negative,Negative,Mourning,Update Backlash,Dissatisfaction Theme,Aligned Negative,Aligned Negative,125.5,Veteran,166,3,0,3,False,False,True,True,False,False,False,False,True,False,True,False,False,High,pilot_manual
"so were supposed to get character customization and yet we only got a bunch of random assets thrown together. the game has been out for over a half a decade and yet it feels more and more early access as more updates gets out. just revert back to the old update with the old characters and old maps- legit no one asked for these revamps and changes. if you gotta put in a character customization then do it right as you promised years ago. + half of the time ghosts does their ""special power or interactions"" it does not prove to be the right ghost anyway due to small changes that no one knows about unless you prob read their discord. the game was great at the point where you would go to the door in the lobby and a ghost would sneeze. but feels like the devs does not give a "" "" about what fans and the community wants and rather just want to print out random plushies and music box merch instead of fixing their game.","So were supposed to get character customization and yet we only got a bunch of random assets thrown together. The game has been out for over a half a decade and yet it feels more and more early access as more updates gets out. just revert back to the old update with the old characters and old maps- legit no one asked for these revamps and changes. If you gotta put in a character customization then do it right as you promised years ago. + half of the time ghosts does their ""special power or interactions"" it does not prove to be the right ghost anyway due to small changes that no one knows about unless you prob read their discord. The game was great at the point where you would go to the door in the lobby and a ghost would sneeze. But feels like the devs does not give a "" "" about what fans and the community wants and rather just want to print out random plushies and music box merch instead of fixing their game.",Not Recommended,Not Recommended,Negative,Negative,Update Backlash,Developer Criticism,Dissatisfaction Theme,Aligned Negative,Aligned Negative,162.8,Veteran,179,5,1,6,False,False,True,False,False,False,False,False,True,False,True,False,False,High,pilot_manual
"this was a great game, an ""indie"" that made it big. the last update(s) have made it virtually unplayable. the ui is virtually unusable, the performance is now a stuttery mess, and all the ""indie janky charm"" has been replaced by ""failed realism"". 700+ hours in game, and i no longer recommend it after the last update.","This was a great game, an ""indie"" that made it big. The last update(s) have made it virtually unplayable. The UI is virtually unusable, the performance is now a stuttery mess, and all the ""indie janky charm"" has been replaced by ""failed realism"". 700+ hours in game, and I no longer recommend it after the last update.",Not Recommended,Not Recommended,Negative,Negative,Mourning,Bug / Gameplay Degradation,Dissatisfaction Theme,Aligned Negative,Aligned Negative,777.7,Hardcore,57,3,0,3,False,False,True,True,False,False,False,False,True,False,True,False,False,High,pilot_manual
"this game was great until the character update please revert :d or at least fix all the issues its caused, like the delay on almost everything and the weird new animations.","this game was great until the character update please revert :D or at least fix all the issues its caused, like the delay on almost everything and the weird new animations.",Not Recommended,Not Recommended,Negative,Negative,Mourning,Update Backlash,Dissatisfaction Theme,Aligned Negative,Aligned Negative,215.6,Veteran,31,0,0,0,False,False,True,False,False,False,False,False,True,False,True,False,False,High,pilot_manual
we need a workshop,We need a workshop,Not Recommended,Not Recommended,Neutral/Unclear,Neutral/Unclear,Feature Request,Low Information,Other,Ambiguous / Low Information,Ambiguous / Low Information,254.9,Veteran,4,4,0,4,False,False,False,False,False,False,False,False,True,False,False,True,True,Low,pilot_manual
"super disappointed at the new update. i've been playing this game religiously with my friends before it went to buns. the 'character customization' is just a preset of character models, you can't actually customize the skin, hair, face, etc. there's barely any clothing and most of the accessories you have to purchase with in-game currency. why even bother with customization when there's barely any options? 'we'll add more in future updates.' yeah but two (2) identical pair of pants? you can't even add in a skirt or even shorts? not to mention how janky both the clothing and models interact. makes you think, why not just add more characters to the pool instead of this half-ass 'customization' update? oh right, they probably want to make clothing or avatar items locked behind a real paywall like skins or something. onto the gameplay, the animation is buns. no one asked for this. even if they did, they weren't asking for a 5 second delay before using any item. looking at it from another player's perspective is cool and all but having our own hands in the screen is just annoying. even more so having the equipment shrunk to accommodate the stupid hands, i can barely read any of the equipments as is let alone having it the size of a peenar. and the journal? with the little light clip? the devs probably think it's a cute touch huh? it would've been cute if not for the journal being five feet away from your face. another thing that disappointed me was how the devs reacted, specifically the art director. they said, and i quote, ""the game is still plenty playable and once you get used to it, you might even forget some of the jank thats happening."" really? this is what happens when you have devs with their heads so far up their poopoo hole, they don't care about you or the community. and i doubt he's just one of the 'bad eggs', their whole team probably thinks they can get away with this too. i won't be surprised if they pull a yanderedev with how they're 6 years in development and still in early access. if you don't have this game and want to try it out, don't. just go play a bootleg roblox game, it's free and probably has way less 'jank' than this.","Super disappointed at the new update. I've been playing this game religiously with my friends before it went to buns. The 'character customization' is just a preset of character models, you can't actually customize the skin, hair, face, etc. There's barely any clothing and most of the accessories you have to purchase with in-game currency. Why even bother with customization when there's barely any options? 'We'll add more in future updates.' yeah but TWO (2) identical pair of pants? You can't even add in a skirt or even shorts? Not to mention how janky both the clothing and models interact. Makes you think, why not just add more characters to the pool instead of this half-ass 'customization' update? Oh right, they probably want to make clothing or avatar items locked behind a real paywall like skins or something. Onto the gameplay, the animation is buns. No one asked for this. Even if they did, they weren't asking for a 5 second delay before using any item. Looking at it from another player's perspective is cool and all but having our own hands in the screen is just annoying. Even more so having the equipment shrunk to accommodate the stupid hands, I can barely read any of the equipments as is let alone having it the size of a peenar. And the journal? With the little light clip? The devs probably think it's a cute touch huh? It would've been cute if not for the journal being five feet away from your face. Another thing that disappointed me was how the devs reacted, specifically the art director. They said, and I quote, ""The game is still plenty playable and once you get used to it, you might even forget some of the jank thats happening."" Really? This is what happens when you have devs with their heads so far up their poopoo hole, they don't care about you or the community. And I doubt he's just one of the 'bad eggs', their whole team probably thinks they can get away with this too. I won't be surprised if they pull a yanderedev with how they're 6 years in development and still in early access. If you don't have this game and want to try it out, don't. Just go play a bootleg roblox game, it's free and probably has way less 'jank' than this.",Not Recommended,Not Recommended,Negative,Negative,Update Backlash,Developer Criticism,Dissatisfaction Theme,Aligned Negative,Aligned Negative,32.7,Casual,393,0,1,1,False,False,False,True,False,False,False,False,True,False,True,False,False,High,pilot_manual
"the ""player character update 0.17.0.0"" has shown that the dev team desperately needs to sit down and review their development and testing processes. there have been multiple minor issues with updates over the games lifetime, but this update in particular has been a horrendous display of complacency and negligence. i really hope the team can claw their way back up from this low point, as it's a game that myself and many others have genuinely enjoyed. but this last push of a severely underbaked update paired with a nonchalant attitude to players reacting negatively to said update, has been extremely disappointing to see.","The ""Player Character Update 0.17.0.0"" has shown that the dev team desperately needs to sit down and review their development and testing processes. There have been multiple minor issues with updates over the games lifetime, but this update in particular has been a horrendous display of complacency and negligence. I really hope the team can claw their way back up from this low point, as it's a game that myself and many others have genuinely enjoyed. But this last push of a severely underbaked update paired with a nonchalant attitude to players reacting negatively to said update, has been extremely disappointing to see.",Not Recommended,Not Recommended,Negative,Negative,Update Backlash,Developer Criticism,Dissatisfaction Theme,Aligned Negative,Aligned Negative,126.2,Veteran,103,0,0,0,False,False,True,True,False,False,False,False,True,False,True,False,False,High,pilot_manual
"weird animations, broken game, â¥â¥â¥â¥â¥â¥ models replacing the golden ones. this update â¥â¥â¥â¥â¥â¥ up the game and made it unplayable and unenjoyable, how does a company with a budget in the millions churn out something so unpolished and unfinished while other groups in the same boat do it fine with no questions? if i could refund, i would.","Weird animations, broken game, â¥â¥â¥â¥â¥â¥ models replacing the golden ones. This update â¥â¥â¥â¥â¥â¥ up the game and made it unplayable and unenjoyable, how does a company with a budget in the millions churn out something so unpolished and unfinished while other groups in the same boat do it fine with no questions? If I could refund, I would.",Not Recommended,Not Recommended,Negative,Negative,Bug / Gameplay Degradation,Update Backlash,Dissatisfaction Theme,Aligned Negative,Aligned Negative,11.3,Casual,58,2,1,3,False,False,True,True,False,False,False,False,True,False,True,False,False,High,pilot_manual
no,no,Not Recommended,Not Recommended,Negative,Negative,Low Information,Genuine Negative,Ambiguous / Low Info,Aligned Negative,Aligned Negative,47.3,Casual,1,2,0,2,False,False,False,False,False,False,False,False,True,False,True,False,False,High,pilot_manual
"boycott until the jank is fixed. they company has made 2 million some odd dollars from this game, early access( 6 years) , lack lustre updates that take months at a time and when we do get the updates they are broken, shallow or just plain boring . idk what happened to the phasmo of yore but something needs to happen and cjâs message to put the blame on others and told us to â get used to it, itâs not that bad once you play it enough â essentially * once you swim in â¥â¥â¥â¥ for long enough you wonât realize youâre in â¥â¥â¥â¥*","Boycott until the jank is fixed. They company has made 2 million some odd dollars from this game, early access( 6 years) , lack lustre updates that take months at a time and when we do get the updates they are broken, shallow or just plain boring . Idk what happened to the phasmo of yore but something needs to happen and CJâs message to put the blame on others and told us to â get used to it, itâs not that bad once you play it enough â essentially * once you swim in â¥â¥â¥â¥ for long enough you wonât realize youâre in â¥â¥â¥â¥*",Not Recommended,Not Recommended,Negative,Negative,Update Backlash,Developer Criticism,Dissatisfaction Theme,Aligned Negative,Aligned Negative,630.3,Hardcore,105,4,0,4,False,False,False,True,False,False,False,False,True,False,True,False,False,High,pilot_manual
"multi-million dollars studio that acts aimlessly with their golden goose, lack of consistent updates and very terrible decisions in recent times. they killed my enjoyement of the game with the most recent animation update and their response to the community's backlash was out of touch, i'd personally advise to avoid buying the game for the time being.","Multi-million dollars studio that acts aimlessly with their golden goose, lack of consistent updates and very terrible decisions in recent times. They killed my enjoyement of the game with the most recent animation update and their response to the community's backlash was out of touch, I'd personally advise to avoid buying the game for the time being.",Not Recommended,Not Recommended,Negative,Negative,Mourning,Update Backlash,Dissatisfaction Theme,Aligned Negative,Aligned Negative,101.0,Veteran,57,11,0,11,False,False,True,True,False,False,False,False,True,False,True,False,False,High,pilot_manual
"tldr; new gamers, i urge you not to buy this game. do not throw good money after bad. the majority of good reviews for this game are for an archived version of ""phasmophobia"" which is longer exists and/or in not available after 05/05/26. after the debacle that is the 5/5 0.17 cosmetics update, i dared hope that the devs might listen and fix the worst offenders in the follow-up hotfix of 12/05/26. this patch failed to address the core issues of ""degraded visuals"" (avatars, animations, visual bugs.) and ""gameplay feel / pacing"" (how the player interacts with their equipment and interactions with game ui). the hotfix ignores the community feedback regarding cosmetics and visual feel of the game entirely except for a token change to the video camera. gameplay feedback has been poorly addressed: the much hated animations were shortened or removed - except where they haven't been, or for some reason just revert to having animations which were supposedly removed. eg. placing salt is instant, but you remain animation locked until the animation completes. closing the journel animation locks you etc. there are also huge inconsistencies around when animations have been removed or will animation lock you partly due to the knee-jerk reaction of pruning some animations and not all. this gives the overall effect of feeling even more jarring than the previous blanket animation locks which the devs forced into 0.17. as for visual animations: i am 'pleased' to report that players can still turn their legs into noodley-knots simply by walking forwards and straffing left. more importantly objects held in your hand jitter and shudder when you turn your camera, leading to intense motion sickness and rendering some objects unusable unless you are stood still (vid cam). tellingly; whereas the cosmetics update has been 2 years in coming and we got 3 items of clothing with various colours and no ability to change hairstyles outside of choosing from character models which are vastly inferior to pre05/05 iterations; the alan wake collab is surprisingly (and suspiciously) polished. it makes me think that the time/money went towards this unrelated collab as a cash-in rather than going towards core gameplay/ea benchmark goals which had been promised for several years. i will not recommend this game due to the current game-breaking bugs, poor game ""feel"" and my own personal opinion that what started out as a true passion project has decided to cash-in on previous community good will for a quick buck. i have spent nearly 300hrs making amazing memories with friends in a game which no longer exists and which has replaced with a bastardised, janky and ugly malformed degeneration which sullies the name of the original (pre 05/05) game. it saddens me that my first ever review for a game is written to warn other players away, but this is no longer the game 'phasmophobia' which had overwhelmingly positive reviews. phasmo devs: you killed my baby. shame on you.","TLDR; New gamers, I urge you not to buy this game. Do not throw good money after bad. The majority of good reviews for this game are for an archived version of ""Phasmophobia"" which is longer exists and/or in not available after 05/05/26. After the debacle that is the 5/5 0.17 Cosmetics update, I dared hope that the devs might listen and fix the worst offenders in the follow-up hotfix of 12/05/26. This patch failed to address the core issues of ""degraded visuals"" (Avatars, animations, visual bugs.) and ""Gameplay feel / pacing"" (How the player interacts with their equipment and interactions with game UI). The Hotfix ignores the community feedback regarding cosmetics and visual feel of the game entirely except for a token change to the video camera. Gameplay feedback has been poorly addressed: The much hated animations were shortened or removed - except where they haven't been, or for some reason just revert to having animations which were supposedly removed. EG. Placing salt is instant, but you remain animation locked until the animation completes. Closing the journel animation locks you etc. There are also huge inconsistencies around when animations have been removed or will animation lock you partly due to the knee-jerk reaction of pruning SOME animations and NOT ALL. This gives the overall effect of feeling even more jarring than the previous BLANKET animation locks which the devs forced into 0.17. As for visual animations: I am 'pleased' to report that players can still turn their legs into noodley-knots simply by walking forwards and straffing left. More importantly objects held in your hand jitter and shudder when you turn your camera, leading to intense motion sickness and rendering some objects unusable unless you are stood still (Vid Cam). Tellingly; Whereas the cosmetics update has been 2 years in coming and we got 3 items of clothing with various colours and no ability to change hairstyles outside of choosing from character models which are vastly inferior to pre05/05 iterations; the Alan Wake collab is surprisingly (and suspiciously) polished. It makes me think that the time/money went towards this unrelated collab as a cash-in rather than going towards core gameplay/EA benchmark goals which had been promised for several years. I will not recommend this game due to the current game-breaking bugs, poor game ""feel"" and my own personal opinion that what started out as a true passion project has decided to cash-in on previous community good will for a quick buck. I have spent nearly 300hrs making amazing memories with friends in a game which no longer exists and which has replaced with a bastardised, janky and ugly malformed degeneration which sullies the name of the original (pre 05/05) game. It saddens me that my first ever review for a game is written to WARN other players away, but this is no longer the game 'Phasmophobia' which had overwhelmingly positive reviews. Phasmo devs: You Killed My Baby. Shame on you.",Not Recommended,Not Recommended,Negative,Negative,Mourning,Update Backlash,Dissatisfaction Theme,Aligned Negative,Aligned Negative,286.1,Veteran,490,2,0,2,False,False,True,True,False,False,False,False,True,False,True,False,False,High,pilot_manual
very fun puzzle game with ghosts and really fun mechanics that make each game a unique experience,Very fun puzzle game with ghosts and really fun mechanics that make each game a unique experience,Recommended,Recommended,Positive,Positive,Genuine Positive,,Clear Opinion,Aligned Positive,Aligned Positive,152.3,Veteran,17,0,0,0,False,False,True,False,False,False,False,True,False,True,False,False,False,High,pilot_manual
it is very good and nice,it is very good and nice,Recommended,Recommended,Positive,Positive,Genuine Positive,Low Information,Clear Opinion,Aligned Positive,Aligned Positive,30.5,Casual,6,2,0,2,False,False,True,False,False,False,False,True,False,True,False,False,False,High,pilot_manual
"great game, some players are so whiny about update ""waaah waaah its slow waaah""","great game, some players are so whiny about update ""waaah waaah its slow waaah""",Recommended,Recommended,Positive,Positive,Mixed Positive,Community Defense,Mixed Opinion,Aligned Positive,Aligned Positive,33.9,Casual,14,0,0,0,False,False,True,False,False,False,False,True,False,True,False,False,False,High,pilot_manual
best horror game i ever had,best horror game i ever had,Recommended,Recommended,Positive,Positive,Genuine Positive,Low Information,Clear Opinion,Aligned Positive,Aligned Positive,15.7,Casual,6,0,0,0,False,False,True,False,False,False,False,True,False,True,False,False,False,High,pilot_manual
"very good, very scary","very good, very scary",Recommended,Recommended,Positive,Positive,Genuine Positive,Low Information,Clear Opinion,Aligned Positive,Aligned Positive,13.3,Casual,4,0,0,0,False,False,True,False,False,False,False,True,False,True,False,False,False,High,pilot_manual
*imaginary thumbsup emogi,*imaginary thumbsup emogi,Recommended,Recommended,Neutral/Unclear,Neutral/Unclear,Meme / Joke Review,Low Information,Ambiguous / Low Info,Ambiguous / Low Information,Ambiguous / Low Information,59.7,Regular,3,0,0,0,False,False,False,False,False,False,False,True,False,False,False,True,True,Low,pilot_manual
i got the hantuvirus,i got the hantuvirus,Recommended,Recommended,Neutral/Unclear,Neutral/Unclear,Meme / Joke Review,Low Information,Ambiguous / Low Info,Ambiguous / Low Information,Ambiguous / Low Information,69.1,Regular,4,0,0,0,False,False,False,False,False,False,False,True,False,False,False,True,True,Low,pilot_manual
this game is so much fun and when you are playing with friends it's even better!!,This game is so much fun and when you are playing with friends it's even better!!,Recommended,Recommended,Positive,Positive,Genuine Positive,,Clear Opinion,Aligned Positive,Aligned Positive,425.4,Hardcore,16,0,0,0,False,False,True,False,False,False,False,True,False,True,False,False,False,High,pilot_manual
"one of the best games i've played in a while. it scratches that curious itch for the unknown, and its fun to play when you're bored","One of the best games i've played in a while. it scratches that curious itch for the unknown, and its fun to play when you're bored",Recommended,Recommended,Positive,Positive,Genuine Positive,,Clear Opinion,Aligned Positive,Aligned Positive,17.5,Casual,26,0,0,0,False,False,True,False,False,False,False,True,False,True,False,False,False,High,pilot_manual
my insanity evidence would be uv and no i will not elaborate,My insanity evidence would be UV and no i will not elaborate,Recommended,Recommended,Neutral/Unclear,Neutral/Unclear,Meme / Joke Review,Low Information,Ambiguous / Low Info,Ambiguous / Low Information,Ambiguous / Low Information,219.7,Veteran,12,0,0,0,False,False,False,False,False,False,False,True,False,False,False,True,True,Low,pilot_manual
"i liked this game but i didn't enjoy it enough to keep it. it's fun for people who like solving mystery's and puzzles, good game just not my style.","I liked this game but I didn't enjoy it enough to keep it. It's fun for people who like solving mystery's and puzzles, Good game just not my style.",Recommended,Recommended,Mixed,Mixed,Not My Style / Refund,Mixed Positive,Other,Soft Mismatch: Recommended but Mixed Text,Soft Mismatch,1.9,New,29,0,0,0,False,False,True,False,False,False,False,True,False,False,False,True,True,Medium,pilot_manual
ghost is in room 1. i go room 1. nothing happen in room 1. ghost does ghost stuff and crawls out of room 2. i die.,Ghost is in room 1. I go room 1. Nothing happen in room 1. Ghost does ghost stuff and crawls out of room 2. I die.,Recommended,Recommended,Neutral/Unclear,Neutral/Unclear,Meme / Joke Review,Gameplay Anecdote,Ambiguous / Low Info,Ambiguous / Low Information,Ambiguous / Low Information,30.3,Casual,26,0,0,0,False,False,False,False,False,False,False,True,False,False,False,True,True,Low,pilot_manual
great game and great devs.,Great game and great devs.,Recommended,Recommended,Positive,Positive,Genuine Positive,Low Information,Clear Opinion,Aligned Positive,Aligned Positive,294.2,Veteran,5,0,0,0,False,False,True,False,False,False,False,True,False,True,False,False,False,High,pilot_manual
this game good as good,this game good as good,Recommended,Recommended,Positive,Positive,Genuine Positive,Low Information,Clear Opinion,Aligned Positive,Aligned Positive,4.4,New,5,0,0,0,False,False,True,False,False,False,False,True,False,True,False,False,False,High,pilot_manual
i'm a lot less than just cleaning supplies and a lifeless bimbo body placed under a fabulous wig.,I'm a lot less than just cleaning supplies and a lifeless bimbo body placed under a fabulous wig.,Recommended,Recommended,Neutral/Unclear,Neutral/Unclear,Meme / Joke Review,Low Information,Ambiguous / Low Info,Ambiguous / Low Information,Ambiguous / Low Information,44.1,Casual,18,0,0,0,False,False,False,False,False,False,False,True,False,False,False,True,True,Low,pilot_manual
you can roast the ghost,You can roast the ghost,Recommended,Recommended,Neutral/Unclear,Neutral/Unclear,Meme / Joke Review,Low Information,Ambiguous / Low Info,Ambiguous / Low Information,Ambiguous / Low Information,5.3,New,5,0,0,0,False,False,False,False,False,False,False,True,False,False,False,True,True,Low,pilot_manual
i enjoy the fact that there is equipment in the game that one uses in real life ghost hunts and paranormal investigations. i also like that the ghosts in this game are based on real folklore from different parts of the world.,I enjoy the fact that there is equipment in the game that one uses in real life ghost hunts and paranormal investigations. I also like that the ghosts in this game are based on real folklore from different parts of the world.,Recommended,Recommended,Positive,Positive,Genuine Positive,,Clear Opinion,Aligned Positive,Aligned Positive,51.8,Regular,42,0,0,0,False,False,True,False,False,False,False,True,False,True,False,False,False,High,pilot_manual
amazing game. 10/10. they do need to fix the bugs with the new update,amazing game. 10/10. they do need to fix the bugs with the new update,Recommended,Recommended,Mixed,Mixed,Mixed Positive,Positive with Minor Complaint,Mixed Opinion,Soft Mismatch: Recommended but Mixed Text,Soft Mismatch,37.1,Casual,14,0,0,0,False,False,True,False,False,False,False,True,False,False,False,True,True,Medium,pilot_manual
"i'm really enjoying this new update. the diner map is super fun and has a great, creepy vibe. some people are hating on the update, i might be missing something, but so far everything is awesome. the only real issue i've seen is the fridge door glitching; it bugs out sometimes, but it hasn't stopped me from having a great time.","I'm really enjoying this new update. The diner map is super fun and has a great, creepy vibe. Some people are hating on the update, i might be missing something, but so far everything is awesome. The only real issue I've seen is the fridge door glitching; it bugs out sometimes, but it hasn't stopped me from having a great time.",Recommended,Recommended,Mixed,Mixed,Mixed Positive,Positive with Minor Complaint,Mixed Opinion,Soft Mismatch: Recommended but Mixed Text,Soft Mismatch,25.6,Casual,61,0,0,0,False,False,True,False,False,False,False,True,False,False,False,True,True,Medium,pilot_manual
its an alright game but for me its too clumsy and a bit glitchy so i rarely play it.,its an alright game but for me its too clumsy and a bit glitchy so i rarely play it.,Recommended,Recommended,Mixed,Mixed,Mixed Negative,Recommendation Mismatch Candidate,Mixed Opinion,Soft Mismatch: Recommended but Mixed Text,Soft Mismatch,72.7,Regular,19,0,0,0,False,False,False,False,False,False,False,True,False,False,False,True,True,Medium,pilot_manual
fent folding ghost killed my hb,fent folding ghost killed my hb,Recommended,Recommended,Neutral/Unclear,Neutral/Unclear,Meme / Joke Review,Low Information,Ambiguous / Low Info,Ambiguous / Low Information,Ambiguous / Low Information,26.6,Casual,6,0,0,0,False,False,False,False,False,False,False,True,False,False,False,True,True,Low,assistant_draft
very fun but can be scary at moments,very fun but can be scary at moments,Recommended,Recommended,Positive,Positive,Genuine Positive,,Clear Opinion,Aligned Positive,Aligned Positive,5.1,New,8,0,0,0,False,False,True,False,False,False,False,True,False,True,False,False,False,High,assistant_draft
its fun and i wish people on playstation dont have to get playstation plus just to play with anyone on multiplayer.,its fun and i wish people on playstation dont have to get playstation plus just to play with anyone on multiplayer.,Recommended,Recommended,Positive,Positive,Genuine Positive,Feature Request,Clear Opinion,Aligned Positive,Aligned Positive,5.1,New,21,0,0,0,False,False,True,False,False,False,False,True,False,True,False,False,False,High,assistant_draft
one of the best games out there at the moment! so stoked to see it become a movie!,One of the best games out there at the moment! So stoked to see it become a movie!,Recommended,Recommended,Positive,Positive,Genuine Positive,,Clear Opinion,Aligned Positive,Aligned Positive,1344.7,Hardcore,18,0,1,1,False,False,True,False,False,False,False,True,False,True,False,False,False,High,assistant_draft
played this game since early release days and im still in love with every aspect of the game,played this game since early release days and im still in love with every aspect of the game,Recommended,Recommended,Positive,Positive,Genuine Positive,,Clear Opinion,Aligned Positive,Aligned Positive,140.6,Veteran,18,0,0,0,False,False,True,False,False,False,False,True,False,True,False,False,False,High,assistant_draft
"i would just loveee it if there were lobbies for 8 players because i made all my friends buy the game and now that we are 7-8 in our friend group we cannot play together and even if there are some mods for that i cannot trust them to not hack my computer, so im asking for yall to make the game for 8 players pretty please with a cherry on top","I would just loveee it if there were lobbies for 8 players because i made all my friends buy the game and now that we are 7-8 in our friend group we cannot play together and even if there are some mods for that i cannot trust them to not hack my computer, so im asking for yall to make the game for 8 players pretty please with a cherry on top",Recommended,Recommended,Positive,Positive,Genuine Positive,Feature Request,Clear Opinion,Aligned Positive,Aligned Positive,57.5,Regular,72,0,0,0,False,False,True,False,False,False,False,True,False,True,False,False,False,High,assistant_draft
game is fun and scary at some points,game is fun and scary at some points,Recommended,Recommended,Positive,Positive,Genuine Positive,,Clear Opinion,Aligned Positive,Aligned Positive,7.8,New,8,0,0,0,False,False,True,False,False,False,False,True,False,True,False,False,False,High,assistant_draft
"such an amazing game, one of the games i can play for hours.","Such an amazing game, one of the games I can play for hours.",Recommended,Recommended,Positive,Positive,Genuine Positive,,Clear Opinion,Aligned Positive,Aligned Positive,75.4,Regular,13,0,0,0,False,False,True,False,False,False,False,True,False,True,False,False,False,High,assistant_draft
play with frinds but not with ones that count as 3 people,play with frinds but not with ones that count as 3 people,Recommended,Recommended,Positive,Positive,Genuine Positive,,Clear Opinion,Aligned Positive,Aligned Positive,40.7,Casual,12,0,1,1,False,False,False,False,False,False,False,True,False,True,False,False,False,High,assistant_draft
pls don't play this for long cause when you do.. you can never lose.,Pls don't play this for long cause when you do.. you can never lose.,Recommended,Recommended,Positive,Positive,Genuine Positive,,Clear Opinion,Aligned Positive,Aligned Positive,34.7,Casual,14,0,0,0,False,False,False,False,False,False,False,True,False,True,False,False,False,High,assistant_draft
"86 hours of my daily life wasted on this game, its pretty fun.","86 hours of my daily life wasted on this game, its pretty fun.",Recommended,Recommended,Positive,Positive,Genuine Positive,,Clear Opinion,Aligned Positive,Aligned Positive,86.3,Regular,13,0,0,0,False,False,True,False,False,False,False,True,False,True,False,False,False,High,assistant_draft
fun and funny. play it with friends all the time and barely solve any haunts.,Fun and Funny. Play it with friends all the time and barely solve any haunts.,Recommended,Recommended,Positive,Positive,Genuine Positive,,Clear Opinion,Aligned Positive,Aligned Positive,3.8,New,15,0,0,0,False,False,True,False,False,False,False,True,False,True,False,False,False,High,assistant_draft
its a fun game to play with your friends,its a fun game to play with your friends,Recommended,Recommended,Positive,Positive,Genuine Positive,,Clear Opinion,Aligned Positive,Aligned Positive,29.1,Casual,9,0,0,0,False,False,True,False,False,False,False,True,False,True,False,False,False,High,assistant_draft
i just think its a good game but hard too play,i just think its a good game but hard too play,Recommended,Recommended,Positive,Positive,Genuine Positive,,Clear Opinion,Aligned Positive,Aligned Positive,7.4,New,11,0,0,0,False,False,True,False,False,False,False,True,False,True,False,False,False,High,assistant_draft
"very fun with friends, the amount of content is a good amount, and overall a very well put together game","Very fun with friends, the amount of content is a good amount, and overall a very well put together game",Recommended,Recommended,Positive,Positive,Genuine Positive,,Clear Opinion,Aligned Positive,Aligned Positive,22.1,Casual,20,0,0,0,False,False,True,False,False,False,False,True,False,True,False,False,False,High,assistant_draft
very fun but make sure u play with friends,very fun but make sure u play with friends,Recommended,Recommended,Positive,Positive,Genuine Positive,,Clear Opinion,Aligned Positive,Aligned Positive,8.8,New,9,0,0,0,False,False,True,False,False,False,False,True,False,True,False,False,False,High,assistant_draft
"fun game, also writing this at 67 hours, 6 7","fun game, also writing this at 67 hours, 6 7",Recommended,Recommended,Positive,Positive,Genuine Positive,,Clear Opinion,Aligned Positive,Aligned Positive,68.0,Regular,10,0,1,1,False,False,True,False,False,False,False,True,False,True,False,False,False,High,assistant_draft
a great game when played with friends. scary and funny at the same time. highly recommend!,A great game when played with friends. Scary and funny at the same time. Highly recommend!,Recommended,Recommended,Positive,Positive,Genuine Positive,,Clear Opinion,Aligned Positive,Aligned Positive,22.6,Casual,16,0,0,0,False,False,True,False,False,False,False,True,False,True,False,False,False,High,assistant_draft
saw the ghost got scared and left,saw the ghost got scared and left,Recommended,Recommended,Positive,Positive,Genuine Positive,,Clear Opinion,Aligned Positive,Aligned Positive,3.3,New,7,0,0,0,False,False,False,False,False,False,False,True,False,True,False,False,False,High,assistant_draft
very fun game to play with friends,Very fun game to play with friends,Recommended,Recommended,Positive,Positive,Genuine Positive,,Clear Opinion,Aligned Positive,Aligned Positive,33.3,Casual,7,0,0,0,False,False,True,False,False,False,False,True,False,True,False,False,False,High,assistant_draft
"peak, got gifted it and even better","peak, got gifted it and even better",Recommended,Recommended,Positive,Positive,Genuine Positive,,Clear Opinion,Aligned Positive,Aligned Positive,7.2,New,7,0,0,0,False,False,False,False,False,False,False,True,False,True,False,False,False,High,assistant_draft
"learning curve is tough, but fun with friends","learning curve is tough, but fun with friends",Recommended,Recommended,Positive,Positive,Genuine Positive,,Clear Opinion,Aligned Positive,Aligned Positive,25.9,Casual,8,0,0,0,False,False,True,False,False,False,False,True,False,True,False,False,False,High,assistant_draft
its a very good game but i think they made the game a bit worse with tangle wood,its a very good game but i think they made the game a bit worse with tangle wood,Recommended,Recommended,Mixed,Mixed,Mixed Positive,Positive with Minor Complaint,Mixed Opinion,Soft Mismatch: Recommended but Mixed Text,Soft Mismatch,146.9,Veteran,18,0,0,0,False,False,True,False,False,False,False,True,False,False,False,True,True,Medium,assistant_draft
scary but good... great... awsome.... the best!,scary but good... great... awsome.... THE BEST!,Recommended,Recommended,Positive,Positive,Genuine Positive,,Clear Opinion,Aligned Positive,Aligned Positive,8.5,New,7,0,0,0,False,False,True,False,False,False,False,True,False,True,False,False,False,High,assistant_draft
it is a great game to play and really gives the horror vibe while ghost hunting,it is a great game to play and really gives the horror vibe while ghost hunting,Recommended,Recommended,Positive,Positive,Genuine Positive,,Clear Opinion,Aligned Positive,Aligned Positive,46.4,Casual,16,0,0,0,False,False,True,False,False,False,False,True,False,True,False,False,False,High,assistant_draft
phasmophobia is a fairly well made game where the devs seem to somewhat care about the comunity and have contiunously added new content throughout the years,phasmophobia is a fairly well made game where the devs seem to somewhat care about the comunity and have contiunously added new content throughout the years,Recommended,Recommended,Positive,Positive,Genuine Positive,Developer Praise,Clear Opinion,Aligned Positive,Aligned Positive,23.0,Casual,26,0,0,0,False,False,False,False,False,False,False,True,False,True,False,False,False,High,assistant_draft
very fun and gave me diarea,very fun and gave me diarea,Recommended,Recommended,Neutral/Unclear,Neutral/Unclear,Meme / Joke Review,Gameplay Anecdote,Ambiguous / Low Info,Ambiguous / Low Information,Ambiguous / Low Information,44.2,Casual,6,1,0,1,False,False,True,False,False,False,False,True,False,False,False,True,True,Low,assistant_draft
the hantu bent me over and abused me from behind,the hantu bent me over and abused me from behind,Recommended,Recommended,Neutral/Unclear,Neutral/Unclear,Meme / Joke Review,Low Information,Ambiguous / Low Info,Ambiguous / Low Information,Ambiguous / Low Information,14.6,Casual,10,0,1,1,False,False,False,False,False,False,False,True,False,False,False,True,True,Low,assistant_draft
i shat my pants at least thrice,i shat my pants at least thrice,Recommended,Recommended,Neutral/Unclear,Neutral/Unclear,Meme / Joke Review,Gameplay Anecdote,Ambiguous / Low Info,Ambiguous / Low Information,Ambiguous / Low Information,71.8,Regular,7,0,0,0,False,False,False,False,False,False,False,True,False,False,False,True,True,Low,assistant_draft
our professional ghost hunting team can take on an infestation of any level. especially if it is the mimic. i have a special can of salt with his name on it.,Our professional ghost hunting team can take on an infestation of any level. Especially if it is the mimic. I have a special can of salt with his name on it.,Recommended,Recommended,Neutral/Unclear,Neutral/Unclear,Meme / Joke Review,Gameplay Anecdote,Ambiguous / Low Info,Ambiguous / Low Information,Ambiguous / Low Information,21.4,Casual,31,0,0,0,False,False,False,False,False,False,False,True,False,False,False,True,True,Low,assistant_draft
i dont know why these things are so angry murder is a bit much,i dont know why these things are so angry murder is a bit much,Recommended,Recommended,Neutral/Unclear,Neutral/Unclear,Meme / Joke Review,Gameplay Anecdote,Ambiguous / Low Info,Ambiguous / Low Information,Ambiguous / Low Information,70.9,Regular,14,0,0,0,False,False,False,False,False,False,False,True,False,False,False,True,True,Low,assistant_draft
the only thing i was certain was the what ever it was it wanted me gone 10/10,the only thing i was certain was the what ever it was it wanted me gone 10/10,Recommended,Recommended,Positive,Positive,Genuine Positive,,Clear Opinion,Aligned Positive,Aligned Positive,3.6,New,17,0,0,0,False,False,False,False,False,False,False,True,False,True,False,False,False,High,assistant_draft
"pretty good, only wish we could also exercise the ghost with the evidence we found, would be a cool feature","pretty good, only wish we could also exercise the ghost with the evidence we found, would be a cool feature",Recommended,Recommended,Positive,Positive,Genuine Positive,Feature Request,Clear Opinion,Aligned Positive,Aligned Positive,63.6,Regular,20,0,0,0,False,False,True,False,False,False,False,True,False,True,False,False,False,High,assistant_draft
good game. never played though. i dont know how im able to review it.,good game. never played though. I dont know how im able to review it.,Recommended,Recommended,Neutral/Unclear,Neutral/Unclear,Meme / Joke Review,Low Information,Ambiguous / Low Info,Ambiguous / Low Information,Ambiguous / Low Information,0.1,New,14,0,0,0,False,False,True,False,False,False,False,True,False,False,False,True,True,Low,assistant_draft
enter truck get items enter house emf 5 front door close demon hear voice dead game fun and scarey,enter truck get items enter house emf 5 front door close demon hear voice dead game fun and scarey,Recommended,Recommended,Positive,Positive,Genuine Positive,,Clear Opinion,Aligned Positive,Aligned Positive,3.1,New,19,0,0,0,False,False,True,False,False,False,False,True,False,True,False,False,False,High,assistant_draft
"was fun before the latest updates, now it's just ♥♥♥♥","Was fun before the latest updates, now it's just ♥♥♥♥",Not Recommended,Not Recommended,Negative,Negative,Mourning,Update Backlash,Dissatisfaction Theme,Aligned Negative,Aligned Negative,196.4,Veteran,10,3,0,3,True,False,True,False,False,False,False,False,True,False,True,False,False,High,assistant_draft
"phasmophobia can be a fun game to play as solo or with your friends... that's if it even works half the time, the player customization has proven me that the developers are not listening to criticism and despite having millions and millions of dollars earned from this game, the recent update that changed the characters animation looks horrible and has introduced a ton of bugs. it's very evidently proven that this game was released on early access in 2020, and yet by the time i'm writing this nearly 6 years later, it still is in early access. i truly do wish this game can get better and the developers actually start listening to the community, but it doesn't seem like it. the optimization has also gotten so bad since the player customization update, that the amount of times it takes just for me to be taken back to the lobby screen sucks.","Phasmophobia can be a fun game to play as solo or with your friends... that's if it even works half the time, the player customization has proven me that the developers are not listening to criticism and despite having millions and millions of dollars earned from this game, the recent update that changed the characters animation looks horrible and has introduced a TON of bugs. It's very evidently proven that this game was released on early access in 2020, and YET by the time I'm writing this nearly 6 years later, it still is in early access. I truly do wish this game can get better and the developers actually start listening to the community, but it doesn't seem like it. The optimization has also gotten so bad since the player customization update, that the amount of times it takes just for me to be taken back to the lobby screen sucks.",Not Recommended,Not Recommended,Negative,Negative,Update Backlash,Bug / Gameplay Degradation; Developer Criticism,Dissatisfaction Theme,Aligned Negative,Aligned Negative,146.7,Veteran,152,4,0,4,True,True,True,True,False,False,False,False,True,False,True,False,False,High,assistant_draft
"pretty much unplayable now, focused on the wrong things first. why try to update graphics before adding dynamism to the game? the death animations have lost all impact and are just the same old garbage. there are so many ghosts each should have different types of animations... another case of tired devs and failed potential","pretty much unplayable now, focused on the wrong things first. Why try to update graphics before adding dynamism to the game? the death animations have lost all impact and are just the same old garbage. There are so many ghosts each should have different types of animations... another case of tired devs and failed potential",Not Recommended,Not Recommended,Negative,Negative,Update Backlash,Bug / Gameplay Degradation; Developer Criticism,Dissatisfaction Theme,Aligned Negative,Aligned Negative,43.4,Casual,55,0,0,0,True,True,False,False,False,False,False,False,True,False,True,False,False,High,assistant_draft
please this is a bad update,PLEASE this is a bad update,Not Recommended,Not Recommended,Negative,Negative,Update Backlash,Update Complaint,Dissatisfaction Theme,Aligned Negative,Aligned Negative,111.6,Veteran,6,1,0,1,True,False,False,True,False,False,False,False,True,False,True,False,False,High,assistant_draft
the last update really made this game feel like a scuffed knock off of itself the game weirdly looks worse along side running worse i ran mid to high settings for phas but this update those same settings would crash and freeze my pc phas was a great game but as of current update its just bad.,the last update really made this game feel like a scuffed knock off of itself the game weirdly looks worse along side running worse i ran mid to high settings for phas but this update those same settings would crash and freeze my pc phas was a great game but as of current update its just bad.,Not Recommended,Not Recommended,Negative,Negative,Update Backlash,Bug / Gameplay Degradation,Dissatisfaction Theme,Aligned Negative,Aligned Negative,203.1,Veteran,57,2,0,2,True,True,True,True,False,False,False,False,True,False,True,False,False,High,assistant_draft
"this game was super super fun. not a fan at all of the customization update so far. the animations are way worse now for everything, character models barely got more customization. super fun game if you can ignore all the new changes they made. if they went back to what they used to have or fix this my rating would go wayyyy up.","This game was super super fun. Not a fan AT ALL of the customization update so far. The animations are way worse now for everything, character models barely got more customization. Super fun game if you can ignore all the new changes they made. If they went back to what they used to have or fix this my rating would go wayyyy up.",Not Recommended,Not Recommended,Negative,Negative,Mourning,Update Backlash,Dissatisfaction Theme,Aligned Negative,Aligned Negative,238.7,Veteran,63,1,0,1,True,False,True,False,True,False,False,False,True,False,True,False,False,High,assistant_draft
"i was reluctant to get this game to start with, i do not like scary stuff, but my sis convinced me to get it to play together and (even though it scared me) i really enjoyed playing! then....update 0.17.0 happened..... originally was so excited because they had been promising character customization for years! and it was a catastrophe....everything is broken, there's extra animation to do things(like pouring salt), the journal is zoomed out really far now, it just is not good. we are going to go try the other side or stick to demonologist.","I was reluctant to get this game to start with, I do not like scary stuff, but my sis convinced me to get it to play together and (even though it scared me) I really enjoyed playing! Then....update 0.17.0 happened..... Originally was SO excited because they had been promising character customization for YEARS! And it was a catastrophe....everything is broken, there's extra animation to do things(like pouring salt), the journal is zoomed out really far now, it just is not good. We are going to go try The Other Side or stick to Demonologist.",Not Recommended,Not Recommended,Negative,Negative,Update Backlash,Bug / Gameplay Degradation,Dissatisfaction Theme,Aligned Negative,Aligned Negative,296.5,Veteran,94,0,0,0,True,True,True,True,False,False,False,False,True,False,True,False,False,High,assistant_draft
"dude this new update broke my mind. my computer can't even run the game anymore. i had to do a major update that was 3 gigs. no my game wont load, ctds all the time, and when i do get to play its full of stuttering and rubber banding.","Dude this new update broke my mind. My computer can't even run the game anymore. I had to do a major update that was 3 gigs. no my game wont load, ctds all the time, and when i do get to play its full of stuttering and rubber banding.",Not Recommended,Not Recommended,Negative,Negative,Update Backlash,Bug / Gameplay Degradation,Dissatisfaction Theme,Aligned Negative,Aligned Negative,32.6,Casual,49,1,0,1,True,True,False,False,False,False,False,False,True,False,True,False,False,High,assistant_draft
ruined it,Ruined it,Not Recommended,Not Recommended,Negative,Negative,Genuine Negative,Low Information,Clear Opinion,Aligned Negative,Aligned Negative,31.0,Casual,2,1,0,1,False,False,False,True,False,True,False,False,True,False,True,False,False,High,assistant_draft
"if you want an example of a negative review for phasmophobia, you could write something like: phasmophobia has an interesting concept, but after a few hours the gameplay becomes repetitive. most investigations feel very similar, and collecting evidence can turn into a slow routine rather than a tense horror experience. the ghost ai can sometimes feel inconsistent, making deaths seem unfair rather than scary. the voice recognition feature is a cool idea, but it doesn't always work reliably for every player. while the game is fun with friends, playing solo can feel tedious, and the amount of content may not justify the long grind for progression. overall, it has some great moments, but it can become boring and frustrating over time. this is just an example opinion, not an objective assessment.","If you want an example of a negative review for Phasmophobia, you could write something like: Phasmophobia has an interesting concept, but after a few hours the gameplay becomes repetitive. Most investigations feel very similar, and collecting evidence can turn into a slow routine rather than a tense horror experience. The ghost AI can sometimes feel inconsistent, making deaths seem unfair rather than scary. The voice recognition feature is a cool idea, but it doesn't always work reliably for every player. While the game is fun with friends, playing solo can feel tedious, and the amount of content may not justify the long grind for progression. Overall, it has some great moments, but it can become boring and frustrating over time. This is just an example opinion, not an objective assessment.",Not Recommended,Not Recommended,Negative,Negative,Genuine Negative,Low Confidence,Clear Opinion,Aligned Negative,Aligned Negative,5.0,New,131,1,0,1,False,False,True,True,False,False,False,False,True,False,True,False,False,Low,assistant_draft
"too lagy, too big, somehow always crashes, too slow. good game, but i have a bad pc","too lagy, too big, somehow always crashes, too slow. good game, but i have a bad pc",Not Recommended,Not Recommended,Mixed,Mixed,Mixed Negative,Performance Issue,Mixed Opinion,Soft Mismatch: Not Recommended but Mixed Text,Soft Mismatch,6.0,New,17,1,0,1,False,True,True,True,False,False,False,False,True,False,False,True,True,Medium,assistant_draft
"was fun at first but honestly got worse overtime, it feels like the developers are just holding the game hostage from the potential it once had. they went with a ductape/playful ui theme over a cool fanmade creepy themed concept ui posted on reddit a long time ago. they went with limited time events/twitch drops over spending more time on meaningful content updates. they went for a console release to delay every meaningful update rather than to finish the game first. shipped low quality updates with a literal star wars text intro amount of bugs to just to meet a collab deadline. mind you this game has been in early access for years and has earned millions, there is simply no excuse at this point lol","Was fun at first but honestly got worse overtime, It feels like the developers are just holding the game hostage from the potential it once had. They went with a ductape/playful UI theme over a cool fanmade creepy themed concept UI posted on reddit a long time ago. They went with limited time events/twitch drops over spending more time on meaningful content updates. They went for a console release to delay every meaningful update rather than to finish the game first. Shipped low quality updates with a literal Star Wars text intro amount of bugs to just to meet a collab deadline. Mind you this game has been in early access for years and has earned millions, there is simply no excuse at this point lol",Not Recommended,Not Recommended,Negative,Negative,Mourning,Update Backlash; Bug / Gameplay Degradation; Developer Criticism,Dissatisfaction Theme,Aligned Negative,Aligned Negative,180.2,Veteran,126,1,0,1,True,True,True,False,False,False,False,False,True,False,True,False,False,High,assistant_draft
"played for years and it was a nice chill horror game to play with friends the latest update rolls around, and with it came animations with every single interaction, all of which slows down the game dramatically. the quick responsiveness of interactions with things like smudge sticks are a thing of the past with this new update. now you have to wait a few seconds for everything, and in the heat of the moment against a ghost, those few seconds might as well be a few years. they also added character customization, but only in name. the items that the give you in the way of shirts, hairstyles, and so many other options that you would expect in a character creator are surprisingly limited. think a max of 3 or 4 outfits regardless of how far you've made it into the game. i won't even get into the character models. this game still has a lot of the charm that made me fall in love with it back in 2021, but this update removed a large portion of that charm, and i honestly cannot recommend anyone spend their money on the game in its current state","Played for years and it was a nice chill horror game to play with friends The latest update rolls around, and with it came animations with every single interaction, all of which slows down the game dramatically. The quick responsiveness of interactions with things like smudge sticks are a thing of the past with this new update. Now you have to wait a few seconds for everything, and in the heat of the moment against a ghost, those few seconds might as well be a few years. They also added character customization, but only in name. The items that the give you in the way of shirts, hairstyles, and so many other options that you would expect in a character creator are surprisingly limited. Think a max of 3 or 4 outfits regardless of how far you've made it into the game. I won't even get into the character models. This game still has a lot of the charm that made me fall in love with it back in 2021, but this update removed a large portion of that charm, and I honestly cannot recommend anyone spend their money on the game in its current state",Not Recommended,Not Recommended,Negative,Negative,Update Backlash,Bug / Gameplay Degradation,Dissatisfaction Theme,Aligned Negative,Aligned Negative,616.2,Hardcore,196,2,1,3,True,False,True,False,False,False,False,False,True,False,True,False,False,High,assistant_draft
i used to really love this game but now it's borderline unplayable.,I used to really love this game but now it's borderline unplayable.,Not Recommended,Not Recommended,Negative,Negative,Mourning,Bug / Gameplay Degradation,Dissatisfaction Theme,Aligned Negative,Aligned Negative,236.5,Veteran,12,0,0,0,False,True,True,False,True,False,False,False,True,False,True,False,False,High,assistant_draft
"how does this game feel less polished than it did 3 years ago? the animations are awful, the controls are somehow worse, and the equipment is ♥♥♥♥. what the ♥♥♥♥ happened?","how does this game feel less polished than it did 3 years ago? the animations are awful, the controls are somehow worse, and the equipment is ♥♥♥♥. what the ♥♥♥♥ happened?",Not Recommended,Not Recommended,Negative,Negative,Update Backlash,Update Complaint,Dissatisfaction Theme,Aligned Negative,Aligned Negative,74.5,Regular,31,8,0,8,True,False,False,True,False,False,False,False,True,False,True,False,False,High,assistant_draft
"the last like 2.5 years worth of events and updates have been severely underwhelming. first actual new map we get in a long time is a tiny diner map smaller than a lot of the neighborhood maps. maps that don't really need reworks getting them before maps that desperately need them such as the high school, prison, or point hope lighthouse. customization finally comes after years of it being wanted and it is very lack luster and underwhelming to the point of it being possibly the biggest l the game has ever taken and ever given to the community. i don't know anymore. it really seems like they just don't care.","The last like 2.5 years worth of events and updates have been severely underwhelming. First actual new map we get in a long time is a tiny diner map smaller than a lot of the neighborhood maps. Maps that don't really need reworks getting them before maps that desperately need them such as the high school, prison, or point hope lighthouse. Customization finally comes after YEARS of it being wanted and it is very lack luster and underwhelming to the point of it being possibly the biggest L the game has ever taken and ever given to the community. I don't know anymore. It really seems like they just don't care.",Not Recommended,Not Recommended,Negative,Negative,Update Backlash,Update Complaint,Dissatisfaction Theme,Aligned Negative,Aligned Negative,377.7,Hardcore,111,2,0,2,True,False,True,False,False,False,False,False,True,False,True,False,False,High,assistant_draft
this is like when todd howard promised a polished fallout 76 at gamecon 2018 and then he just didn't do it because he is the absoloute worse. lucky for him kinetic games is now worse i would rather play raft at least its playable. i give this pre-update 1 tom out of jerry and i give after update 1 danny devito out of 10000 godfather part 2,This is like when Todd Howard promised a polished fallout 76 at Gamecon 2018 and then he just didn't do it because he is the absoloute worse. Lucky for him Kinetic games is now worse I would rather play Raft at least its playable. I give this pre-update 1 Tom out of Jerry and I give after update 1 danny devito out of 10000 godfather part 2,Not Recommended,Not Recommended,Negative,Negative,Update Backlash,Developer Criticism,Dissatisfaction Theme,Aligned Negative,Aligned Negative,170.3,Veteran,67,2,0,2,True,False,False,False,False,False,False,False,True,False,True,False,False,High,assistant_draft
can honestly say that since the character update. the game has gone downhill. i use to love playing this game every day with my friend and now it's just whenever we feel like playing it now. when events start and end. kinetic doesn't remove all the event effects and details. you can see visuals still from previous events. took them awhile just to get rid of the easter visuals just before the alan wake event and event that one was just bland and boring with no lobby trophy for completing it. when you hold a flashlight in the other hand you just look stupid holding it with the bone breaking physics. why get rid of the shoulder light when having a flashlight in your inventory? makes absolutely no sense to be holding it arm completely extended forward and in your view. spirit box doesn't pick up your microphone that well now. prior to character update. it always picked up my voice. after the update it hardly picks it up to the point i am yelling or having to turn my gain all the way up. fix your game kinetic.,Can honestly say that since the character update. The game has gone downhill. I use to love playing this game every day with my friend and now it's just whenever we feel like playing it now. When events start and end. Kinetic doesn't remove all the event effects and details. You can see visuals still from previous events. Took them awhile just to get rid of the Easter visuals just before the Alan wake event and event that one was just bland and boring with no lobby trophy for completing it. When you hold a flashlight in the other hand you just look stupid holding it with the bone breaking physics. Why get rid of the shoulder light when having a flashlight in your inventory? Makes absolutely no sense to be holding it arm completely extended forward and in your view. Spirit box doesn't pick up your microphone that well now. Prior to character update. It always picked up my voice. After the update it hardly picks it up to the point I am yelling or having to turn my gain all the way up. Fix your game kinetic.,Not Recommended,Not Recommended,Negative,Negative,Mourning,Update Backlash; Developer Criticism,Dissatisfaction Theme,Aligned Negative,Aligned Negative,465.0,Hardcore,189,4,2,6,True,False,True,True,True,False,False,False,True,False,True,False,False,High,assistant_draft
"i can no longer recommend this game. it was hard to before, but there was a point in time where i played it almost daily with my friend and any time it would break or have issues we would just kind of laugh and say ""well it's in early access,"" even if the issues ruined our games. however in its current state phasmophobia is basically unplayable. it seems every time the game is updated it's shipped out in a worse and worse state, with unpolished content the community has been waiting years for. i literally just can't defend a game i can't even play.","I can no longer recommend this game. It was hard to before, but there was a point in time where I played it almost daily with my friend and any time it would break or have issues we would just kind of laugh and say ""well it's in early access,"" even if the issues ruined our games. However in its current state Phasmophobia is basically unplayable. It seems every time the game is updated it's shipped out in a worse and worse state, with unpolished content the community has been waiting years for. I literally just can't defend a game I can't even play.",Not Recommended,Not Recommended,Negative,Negative,Mourning,Update Backlash; Bug / Gameplay Degradation; Developer Criticism,Dissatisfaction Theme,Aligned Negative,Aligned Negative,248.3,Veteran,104,0,0,0,True,True,True,True,True,False,False,False,True,False,True,False,False,High,assistant_draft
"this game really use to be great. there's a reason why i keep coming back to play it. however, the last few updates have really ruined the game. from broken models to trash immersion features. in all honesty, the game just looks terrible now. if you hold something in your character's hand and get close to your friend's face your arm suddenly looks smaller than their head. do they just add things and expect them to work or look good? whatever passion or care the devs put into the game has vanished. it feels like the devs don't even care about this game anymore. there are some aspects of the game that still feel the same. however, i feel like it's getting harder to recommend this game to my other friends. if the devs continue on this route, i may just stop playing.","This game really use to be great. There's a reason why I keep coming back to play it. However, the last few updates have really ruined the game. From broken models to trash immersion features. In all honesty, the game just looks terrible now. If you hold something in your character's hand and get close to your friend's face your arm suddenly looks smaller than their head. Do they just add things and expect them to work or look good? Whatever passion or care the devs put into the game has vanished. It feels like the devs don't even care about this game anymore. There are some aspects of the game that still feel the same. However, I feel like it's getting harder to recommend this game to my other friends. If the devs continue on this route, I may just stop playing.",Not Recommended,Not Recommended,Negative,Negative,Mourning,Update Backlash; Bug / Gameplay Degradation; Developer Criticism,Dissatisfaction Theme,Aligned Negative,Aligned Negative,28.6,Casual,143,5,0,5,True,True,True,True,True,False,False,False,True,False,True,False,False,High,assistant_draft
"the early access label is an excuse for a janky game that is constantly getting updates no one asked for. they change what little good the game has, but never change any of the bad, like the giant maps that’re empty. once playable maps, are now a damn lag simulator, and i don’t even play on that low end of a pc. this game has made about $260 million dollars, yet the studio seems to genuinely mainly care about overpriced merch. the updates are so few and far between, and when they do come, they’re lackluster or worse, do more harm than good by adding bad content and bugs. the dev team for some reason seem to have a bad relationship with the community, and i cannot for the life of me think of any reason why. the reason you guys are standing as a team and company is because of fans, but you shut us down and dismiss us, and discourage anything that goes outside of the narrative you guys so desperately want. they’re strongly against mods for the weirdest reason, i mean what the hell man, you would get even more plays and diversity in the game if you allowed or encouraged it. this game was fun and interesting at one point. it was janky, but more so in a lovable way, where you could tell it was a little rough, but made with love. but recently, with all the unnecessary changes, the way the dev team acts towards us, and the way the game is handled as a whole, the past 2 or so years leaves such a bad taste in my mouth, and the game feels more like a chore now than anything. 4/10 for me","The early access label is an excuse for a janky game that is constantly getting updates no one asked for. They change what little good the game has, but never change any of the bad, like the giant maps that’re empty. Once playable maps, are now a damn lag simulator, and I don’t even play on that low end of a PC. This game has made about $260 million dollars, yet the studio seems to genuinely mainly care about overpriced merch. The updates are so few and far between, and when they do come, they’re lackluster or worse, do more harm than good by adding bad content and bugs. The dev team for some reason seem to have a bad relationship with the community, and I cannot for the life of me think of any reason why. The reason you guys are STANDING as a team and company is because of fans, but you shut us down and dismiss us, and discourage anything that goes outside of the narrative you guys so desperately want. They’re strongly against mods for the weirdest reason, I mean what the hell man, you would get even more plays and diversity in the game if you allowed or encouraged it. This game was fun and interesting at one point. It was janky, but more so in a lovable way, where you could tell it was a little rough, but made with love. But recently, with all the unnecessary changes, the way the dev team acts towards us, and the way the game is handled as a whole, the past 2 or so years leaves such a bad taste in my mouth, and the game feels more like a chore now than anything. 4/10 for me",Not Recommended,Not Recommended,Negative,Negative,Mourning,Update Backlash; Bug / Gameplay Degradation; Developer Criticism,Dissatisfaction Theme,Aligned Negative,Aligned Negative,131.8,Veteran,290,1,0,1,True,True,True,True,False,False,False,False,True,False,True,False,False,High,assistant_draft
"i still have not let steam update phasmo to the latest horrible alan wake mess, that's why i think it's still good.","I still have not let Steam update Phasmo to the latest horrible Alan Wake mess, that's why I think it's still good.",Not Recommended,Not Recommended,Mixed,Mixed,Mixed Negative,Update Backlash,Mixed Opinion,Soft Mismatch: Not Recommended but Mixed Text,Soft Mismatch,652.9,Hardcore,22,0,0,0,True,False,True,True,False,False,False,False,True,False,False,True,True,Medium,assistant_draft
"the game itself is super cool and easily worth playing... ...after they fix all of the blatant bugs they've more recently introduced into the game. i'll correct my review to ""recommended"" if they fix their plethora of bugs to ""consistently playable"".","The game itself is super cool and easily worth playing... ...after they fix all of the blatant bugs they've more recently introduced into the game. I'll correct my review to ""recommended"" if they fix their plethora of bugs to ""consistently playable"".",Not Recommended,Not Recommended,Mixed,Mixed,Mixed Negative,Bug Complaint,Mixed Opinion,Soft Mismatch: Not Recommended but Mixed Text,Soft Mismatch,160.6,Veteran,41,1,0,1,False,True,True,False,False,False,False,False,True,False,False,True,True,Medium,assistant_draft
"they ruined the game, it was only good in the days when the game first came out","They Ruined the game, it was only good in the days when the game first came out",Not Recommended,Not Recommended,Negative,Negative,Mourning,Negative Nostalgia,Dissatisfaction Theme,Aligned Negative,Aligned Negative,9.8,New,17,0,0,0,False,False,True,True,True,False,False,False,True,False,True,False,False,High,assistant_draft
"i've had some great times with this game but it seems that there are more bugs than ever in this game. i've most notably had consistent issues with incense or smudge sticks just not working at all. the new ""immersive animations"" make this game feel a lot clunkier, slower, and overall just less responsive to input than ever before. i missed when this game was just a simple and fun game to come to when you just wanted to have fun, but the decisions in what to implement into this game have led this game off a cliff.","I've had some great times with this game but it seems that there are more bugs than ever in this game. I've most notably had consistent issues with incense or smudge sticks just not working at all. The new ""immersive animations"" make this game feel a lot clunkier, slower, and overall just less responsive to input than ever before. I missed when this game was just a simple and fun game to come to when you just wanted to have fun, but the decisions in what to implement into this game have led this game off a cliff.",Not Recommended,Not Recommended,Negative,Negative,Update Backlash,Bug / Gameplay Degradation,Dissatisfaction Theme,Aligned Negative,Aligned Negative,147.9,Veteran,98,3,0,3,True,True,True,False,False,False,False,False,True,False,True,False,False,High,assistant_draft
boring ass game but its funny to hear my friends cry in fear,boring ass game but its funny to hear my friends cry in fear,Not Recommended,Not Recommended,Mixed,Mixed,Mixed Negative,Meme / Joke Review,Mixed Opinion,Soft Mismatch: Not Recommended but Mixed Text,Soft Mismatch,12.8,Casual,13,0,0,0,False,False,True,True,False,False,False,False,True,False,False,True,True,Medium,assistant_draft
"update ruined the game, completely unplayable","update ruined the game, completely unplayable",Not Recommended,Not Recommended,Negative,Negative,Mourning,Update Backlash; Bug / Gameplay Degradation,Dissatisfaction Theme,Aligned Negative,Aligned Negative,61.0,Regular,6,2,0,2,True,True,False,True,True,False,False,False,True,False,True,False,False,High,assistant_draft
"this game should've taken place in a jungle, to reflect just how many bugs the game currently has. the player animations disaster was bad enough already, having to deal with the unholy amount of bugs that came with the update is just too much. so, don't buy this game unless you're willing to put up with ""unintended behaviors"" honestly, it would be very nice if they allowed us to play a version of the game before this update. or, even better but hella unlikely, modding/workshop support. to me, phasmo is a puzzle game, figuring out the ghost on 1 or no evidence is very fun. hate to leave a negative review on this game, but for now, use that money to buy monster hunter or something. valv- kinetic games, pls fix.","this game should've taken place in a jungle, to reflect just how many bugs the game currently has. the player animations disaster was bad enough already, having to deal with the unholy amount of bugs that came with the update is just too much. so, don't buy this game unless you're willing to put up with ""unintended behaviors"" honestly, it would be very nice if they allowed us to play a version of the game before this update. or, even better but hella unlikely, modding/workshop support. to me, phasmo is a puzzle game, figuring out the ghost on 1 or no evidence is very fun. hate to leave a negative review on this game, but for now, use that money to buy monster hunter or something. valv- kinetic games, pls fix.",Not Recommended,Not Recommended,Negative,Negative,Update Backlash,Bug / Gameplay Degradation; Developer Criticism,Dissatisfaction Theme,Aligned Negative,Aligned Negative,196.8,Veteran,131,3,0,3,True,True,True,True,False,False,False,False,True,False,True,False,False,High,assistant_draft
"the new update has ruined this game for me. equipment is hard to read and the voicebox doesn't seem to work half the time. the characters were charmingly silly in their movements, now they look really creepy. i have enjoyed most of the events in the game and additions/updates but this most recent one has caused me to stop playing altogether.","The new update has ruined this game for me. Equipment is hard to read and the voicebox doesn't seem to work half the time. The characters were charmingly silly in their movements, now they look really creepy. I have enjoyed most of the events in the game and additions/updates but this most recent one has caused me to stop playing altogether.",Not Recommended,Not Recommended,Negative,Negative,Update Backlash,Update Complaint,Dissatisfaction Theme,Aligned Negative,Aligned Negative,356.2,Hardcore,61,2,0,2,True,False,True,True,False,False,False,False,True,False,True,False,False,High,assistant_draft
"this new update is terrible, makes me miss the old phasmo from 2021. ui is overbearing, characters are ugly now, and alot of core features are broken.","This new update is terrible, makes me miss the old Phasmo from 2021. UI is overbearing, Characters are ugly now, and alot of core features are broken.",Not Recommended,Not Recommended,Negative,Negative,Mourning,Update Backlash; Bug / Gameplay Degradation,Dissatisfaction Theme,Aligned Negative,Aligned Negative,38.5,Casual,27,1,1,2,True,True,False,True,True,False,False,False,True,False,True,False,False,High,assistant_draft
"there is a good game here, sadly buried under a pile of decisions that come close to being as bad as the recent decisions of arrowhead with helldivers 2. the devs dont listen to the community at all and deny any valid feedback, even that of their own testers. maps that actually need reworking get left to rot while maps that already get played a lot get the rework for some reason. new character customization update that was supposed to ""make things more realistic"" made it argueably less realistic and more buggy. i'll change the review once that changes, i really, really hope it does","There is a good game here, sadly buried under a pile of decisions that come close to being as bad as the recent decisions of arrowhead with helldivers 2. The devs dont listen to the community at all and deny any valid feedback, even that of their own testers. Maps that actually need reworking get left to rot while maps that already get played a lot get the rework for some reason. New character customization update that was supposed to ""make things more realistic"" made it argueably less realistic and more buggy. I'll change the review once that changes, I really, REALLY hope it does",Not Recommended,Not Recommended,Negative,Negative,Update Backlash,Bug / Gameplay Degradation; Developer Criticism,Dissatisfaction Theme,Aligned Negative,Aligned Negative,53.2,Regular,105,4,0,4,True,True,True,True,False,False,False,False,True,False,True,False,False,High,assistant_draft
"used to be a fun game to play. it turned into an unplayable, buggy feeling and looking game. the new overhaul of the maps and movement are janky at best. the new, revamped maps. they aren't my cup of tea. please bring back a legacy version of the game.","Used to be a fun game to play. It turned into an unplayable, buggy feeling and looking game. The new overhaul of the maps and movement are janky at best. The new, revamped maps. They aren't my cup of tea. Please bring back a legacy version of the game.",Not Recommended,Not Recommended,Negative,Negative,Mourning,Bug / Gameplay Degradation,Dissatisfaction Theme,Aligned Negative,Aligned Negative,283.4,Veteran,49,2,0,2,False,True,True,False,True,False,False,False,True,False,True,False,False,High,assistant_draft
wtf happened to this game? on release this had the most simple but effective ui. it has gotten worse with every update since then. wtf is this 2 handed thing?? the equipment manager is not intuitive at all. did this dev start vibe coding or what? why change systems that noone complained about??,Wtf happened to this game? On release this had the most simple but effective UI. It has gotten worse with every update since then. WTF is this 2 handed thing?? The equipment manager is not intuitive at all. Did this dev start vibe coding or what? Why change systems that noone complained about??,Not Recommended,Not Recommended,Negative,Negative,Update Backlash,Developer Criticism,Dissatisfaction Theme,Aligned Negative,Aligned Negative,63.6,Regular,53,2,0,2,True,False,False,False,False,False,False,False,True,False,True,False,False,High,assistant_draft
this game use to be really fun but the latest update with player customization and animations has just killed the game for me and im going to uninstall it and im not the only one all my friends hate it and we do not enjoy playing anymore. i understand what they were trying to do but they runied it and the customization is so trash. you need to buy everything and even then all the options are trash. also the fact it is still in early access is just crazy to me its just like 7 days to die. a legit joke,This game use to be really fun but the latest update with player customization and animations has just killed the game for me and im going to uninstall it and im not the only one all my friends hate it and we do not enjoy playing anymore. i understand what they were trying to do but they runied it and the customization is so trash. You need to buy everything and even then all the options are trash. Also the fact it is still in early access is just crazy to me its just like 7 days to die. a legit joke,Not Recommended,Not Recommended,Negative,Negative,Mourning,Update Backlash; Developer Criticism,Dissatisfaction Theme,Aligned Negative,Aligned Negative,206.6,Veteran,102,3,0,3,True,False,True,True,False,False,False,False,True,False,True,False,False,High,assistant_draft
"loved it, then they removed the good characters and left us with blocky ones and animations no one asked for that made the game laggy. would be a great game if they slowed down on making assets just their own. its not working out right now","loved it, then they removed the good characters and left us with blocky ones and animations no one asked for that made the game laggy. Would be a great game if they slowed down on making assets just their own. Its not working out right now",Not Recommended,Not Recommended,Negative,Negative,Update Backlash,Bug / Gameplay Degradation,Dissatisfaction Theme,Aligned Negative,Aligned Negative,159.8,Veteran,46,4,0,4,True,True,True,False,False,False,False,False,True,False,True,False,False,High,assistant_draft
very good! could use some animation fixes and also a few more unique scary ghost interactions,Very Good! Could use some animation fixes and also a few more unique scary ghost interactions,Recommended,Recommended,Mixed,Mixed,Mixed Positive,Positive with Minor Complaint,Mixed Opinion,Soft Mismatch: Recommended but Mixed Text,Soft Mismatch,61.0,Regular,16,0,0,0,True,False,True,False,False,False,True,True,False,False,False,True,True,Medium,assistant_draft
saw friend bug out of hiding spot ghost caught him his body flew away 10/10 would fly again,saw friend bug out of hiding spot ghost caught him his body flew away 10/10 would fly again,Recommended,Recommended,Neutral/Unclear,Neutral/Unclear,Meme / Joke Review,Bug Anecdote,Ambiguous / Low Info,Ambiguous / Low Information,Ambiguous / Low Information,36.4,Casual,18,0,0,0,False,True,False,False,False,False,True,True,False,False,False,True,True,Low,assistant_draft
"still slaps to this day,yes some customization sucks but remember you play this for the plot so stick to that and you will be satisfied with your purchase. also works with low spec pc's pretty surprisingly aswell,not incredibly optimized but exceptionally done so far.","Still slaps to this day,yes some customization sucks but remember you play this for the plot so stick to that and you will be satisfied with your purchase. Also works with low spec PC's pretty surprisingly aswell,not incredibly optimized but exceptionally done so far.",Recommended,Recommended,Mixed,Mixed,Mixed Positive,Positive with Minor Complaint,Mixed Opinion,Soft Mismatch: Recommended but Mixed Text,Soft Mismatch,48.5,Casual,44,0,0,0,True,False,False,False,False,False,True,True,False,False,False,True,True,Medium,assistant_draft
"very buggy but ngl that's one reason why i love this game. it's very addicting. its fun to do the research and learn new was to play this game. it is scary at first and to be honest i still jumped scared. but it is very fun if you enjoy puzzle horror game, i recommend it alot.","very buggy but ngl that's one reason why i love this game. it's very addicting. its fun to do the research and learn new was to play this game. it is scary at first and to be honest I still jumped scared. but it is very fun if you enjoy puzzle horror game, I recommend it alot.",Recommended,Recommended,Mixed,Mixed,Mixed Positive,Bug Complaint,Mixed Opinion,Soft Mismatch: Recommended but Mixed Text,Soft Mismatch,203.1,Veteran,57,0,0,0,False,True,True,False,False,False,True,True,False,False,False,True,True,Medium,assistant_draft
i love this game i have been playing with my auntie and father and that makes it fun. but sometimes its very buggy but the moments are funny,I love this game I have been playing with my auntie and father and that makes it fun. but sometimes its very buggy but the moments are funny,Recommended,Recommended,Mixed,Mixed,Mixed Positive,Bug Complaint,Mixed Opinion,Soft Mismatch: Recommended but Mixed Text,Soft Mismatch,32.0,Casual,28,0,0,0,False,True,True,False,False,False,True,True,False,False,False,True,True,Medium,assistant_draft
"i have played phasmophobia for years and i cannot believe i haven't wrote a review about it yet. this game is the game my sister and i always come back to when we want to play a game together with our friend. she lives in europe and i am in the us so this is how we get to connect when we feel like we need some good sister time in. despite playing this for about 5 years now, it doesn't feel repetitive to me at all. it's always a good time. we get some good laughs in while playing (of course the bulk of the humor is because i tend to get hunted all the time). i have been enjoying watching this game expand and update. this game has been great since the start and i will always keep coming back for more. i can't wait to keep watching this game grow and update. it's a spooky good time. 10/10","I have played Phasmophobia for years and I cannot believe I haven't wrote a review about it yet. This game is the game my sister and I always come back to when we want to play a game together with our friend. She lives in Europe and I am in the US so this is how we get to connect when we feel like we need some good sister time in. Despite playing this for about 5 years now, it doesn't feel repetitive to me at all. It's always a good time. We get some good laughs in while playing (of course the bulk of the humor is because I tend to get hunted ALL THE TIME). I have been enjoying watching this game expand and update. This game has been great since the start and I will always keep coming back for more. I can't wait to keep watching this game grow and update. It's a spooky good time. 10/10",Recommended,Recommended,Mixed,Mixed,Mixed Positive,Update Complaint; Feature Request,Mixed Opinion,Soft Mismatch: Recommended but Mixed Text,Soft Mismatch,70.9,Regular,161,0,0,0,True,False,True,False,False,False,True,True,False,False,False,True,True,Medium,assistant_draft
really good i spent 50 mins on restricted sunny medows just for the dayan to be bugged and not hunt a single time. w game 10/10 would recommend.,Really good I spent 50 mins on restricted Sunny Medows just for the Dayan to be bugged and not hunt a single time. W game 10/10 would recommend.,Recommended,Recommended,Mixed,Mixed,Mixed Positive,Bug Anecdote,Mixed Opinion,Soft Mismatch: Recommended but Mixed Text,Soft Mismatch,21.2,Casual,28,0,0,0,False,True,True,False,False,False,True,True,False,False,False,True,True,Medium,assistant_draft
"quite good and engaging. it has become a weekly ritual to hang out with friends and seek some spooks. such a fun premise, and i quite enjoy the new update. some charming bugs, but usually nothing game breaking. i really am looking forward to what comes next.","Quite good and engaging. It has become a weekly ritual to hang out with friends and seek some spooks. Such a fun premise, and I quite enjoy the new update. Some charming bugs, but usually nothing game breaking. I really am looking forward to what comes next.",Recommended,Recommended,Mixed,Mixed,Mixed Positive,Positive with Minor Complaint,Mixed Opinion,Soft Mismatch: Recommended but Mixed Text,Soft Mismatch,800.7,Hardcore,47,0,0,0,True,True,True,False,False,False,True,True,False,False,False,True,True,Medium,assistant_draft
good game. but i don't like the controls for keyboard and mouse nor for controller and the alan wake update ruined vr in a worse way by making my body fold in game making it impossible to reach my belt anymore.,good game. but i don't like the controls for keyboard and mouse nor for controller and the Alan wake update ruined VR in a worse way by making my body fold in game making it impossible to reach my belt anymore.,Recommended,Recommended,Mixed,Mixed,Mixed Negative,Recommendation Mismatch Candidate,Mixed Opinion,Soft Mismatch: Recommended but Mixed Text,Soft Mismatch,18.5,Casual,41,0,0,0,True,False,True,True,False,False,True,True,False,False,False,True,True,Medium,assistant_draft
"great game, loved it for a while, the update is buggy but i have faith in the devs to fix it","great game, loved it for a while, the update is buggy but i have faith in the devs to fix it",Recommended,Recommended,Mixed,Mixed,Mixed Positive,Positive with Minor Complaint,Mixed Opinion,Soft Mismatch: Recommended but Mixed Text,Soft Mismatch,14.0,Casual,21,1,0,1,True,True,True,False,False,False,True,True,False,False,False,True,True,Medium,assistant_draft
love the game just a few bugs that hopefully will be fixed soon equipment falling through the floor when a team mate drops it when switching equipment sometimes gets stuck down by your side,love the game just a few bugs that hopefully will be fixed soon equipment falling through the floor when a team mate drops it when switching equipment sometimes gets stuck down by your side,Recommended,Recommended,Mixed,Mixed,Mixed Positive,Bug Complaint,Mixed Opinion,Soft Mismatch: Recommended but Mixed Text,Soft Mismatch,83.3,Regular,34,0,0,0,False,True,True,False,False,False,True,True,False,False,False,True,True,Medium,assistant_draft
not good at the game = i think the game is bad,Not good at the game = I think the game is bad,Recommended,Recommended,Neutral/Unclear,Neutral/Unclear,Meme / Joke Review,Community Defense,Ambiguous / Low Info,Ambiguous / Low Information,Ambiguous / Low Information,23.6,Casual,12,0,0,0,False,False,True,True,False,False,True,True,False,False,False,True,True,Low,assistant_draft
best co-op horror game i have been ever seen to play with friends but this game contains many glitches and bugs that makes users experience a little bit bad and i hope they will fix the bugs and glitches,best co-op horror game i have been ever seen to play with friends but this game contains many glitches and bugs that makes users experience a little bit bad and i hope they will fix the bugs and glitches,Recommended,Recommended,Mixed,Mixed,Mixed Positive,Bug Complaint,Mixed Opinion,Soft Mismatch: Recommended but Mixed Text,Soft Mismatch,15.0,Casual,39,0,0,0,False,True,True,True,False,False,True,True,False,False,False,True,True,Medium,assistant_draft
the game is fun just a bit buggy but still pretty good.,The game is fun just a bit buggy but still pretty good.,Recommended,Recommended,Mixed,Mixed,Mixed Positive,Bug Complaint,Mixed Opinion,Soft Mismatch: Recommended but Mixed Text,Soft Mismatch,39.1,Casual,12,0,0,0,False,True,True,False,False,False,True,True,False,False,False,True,True,Medium,assistant_draft
"old phas - 8.5/10 new phas- 6.5/10 a pioneer in it's genre with many clones released as a result. was very fun at launch and would easily make you feel uneasy thinking there's ghosts in your house, and is insane in vr, but lost me around 2022. i enjoy watching it on youtube more than playing it these days. so many different items to learn and way too many ghost types, you have to memorize a textbook and no-life grind it to learn all the traits and you'll likely get your neck snapped 300 times before you get there. 90% of the time you'll get 2 pieces of evidence and just sit there waiting until the 3rd one appears after half the team is already dead. the most recent new animation update isn't too bad and it seems like the economy was improved a bit but i enjoy going back and playing the early versions from steamdb more. trolling around in lobbies is more entertaining than the base game, that is, if you can find a lobby that's not a boosting lobby. if you've never played it before you'll probably enjoy it still though.","Old Phas - 8.5/10 New Phas- 6.5/10 A pioneer in it's genre with many clones released as a result. Was very fun at launch and would easily make you feel uneasy thinking there's ghosts in your house, and is insane in VR, but lost me around 2022. I enjoy watching it on YouTube more than playing it these days. So many different items to learn and way too many ghost types, you have to memorize a textbook and no-life grind it to learn all the traits and you'll likely get your neck snapped 300 times before you get there. 90% of the time you'll get 2 pieces of evidence and just sit there waiting until the 3rd one appears after half the team is already dead. The most recent new animation update isn't too bad and it seems like the economy was improved a bit but I enjoy going back and playing the early versions from SteamDB more. Trolling around in lobbies is more entertaining than the base game, that is, if you can find a lobby that's not a boosting lobby. If you've never played it before you'll probably enjoy it still though.",Recommended,Recommended,Mixed,Mixed,Mixed Negative,Recommendation Mismatch Candidate,Mixed Opinion,Soft Mismatch: Recommended but Mixed Text,Soft Mismatch,66.0,Regular,194,0,0,0,True,False,True,True,False,False,True,True,False,False,False,True,True,Medium,assistant_draft
"horror aspect not there. what is this game like? 3 evidence ""i got the ghost"" but its a mimic and you want to destroy everything expect a fun time no, ghost said i hate you and killed you at 80% sanity. want in-game money look away. you will lose it all!!!!! i have ragged quit this game more then rainbow 6 but still a 10/10 game you really should just the fun","Horror aspect not there. What is this game like? 3 evidence ""I GOT THE GHOST"" But its a mimic and you want to destroy everything Expect a fun time no, Ghost said I hate you and killed you at 80% sanity. Want in-game money look away. YOU WILL LOSE IT ALL!!!!! I have ragged quit this game more then Rainbow 6 But still a 10/10 game YOU REALLY SHOULD JUST THE FUN",Recommended,Recommended,Mixed,Mixed,Mixed Positive,Meme / Joke Review,Mixed Opinion,Soft Mismatch: Recommended but Mixed Text,Soft Mismatch,45.4,Casual,72,0,0,0,False,False,True,True,False,False,True,True,False,False,False,True,True,Medium,assistant_draft
"really don't know where the hate comes from. my experience with the game has been nothing but positive since i bought it a few years ago. level progression is easy/makes sense, the animations and overall ""look"" of the game is fantastic (albeit a little funky at times), and the gameplay is straightforward and easy to pick up and go with. if you're after a silly ghost huntin' game that's not too spooky to enjoy with friends, this game is for you.","Really don't know where the hate comes from. My experience with the game has been nothing but positive since I bought it a few years ago. Level progression is easy/makes sense, the animations and overall ""look"" of the game is fantastic (albeit a little funky at times), and the gameplay is straightforward and easy to pick up and go with. If you're after a silly ghost huntin' game that's not too spooky to enjoy with friends, this game is for you.",Recommended,Recommended,Positive,Positive,Genuine Positive,Community Defense,Clear Opinion,Aligned Positive,Aligned Positive,80.2,Regular,81,0,0,0,True,False,True,True,False,False,True,True,False,True,False,False,False,High,assistant_draft
"i really like the game! it is thrilling and a fun co-op game but recently the game is very buggy and i would like it to be fixed so i can play happily and properly! overall, i still recommend the game despite its flaws!","I really like the game! It is thrilling and a fun co-op game but recently the game is very buggy and I would like it to be fixed so I can play happily and properly! Overall, I still recommend the game despite its flaws!",Recommended,Recommended,Mixed,Mixed,Mixed Positive,Bug Complaint,Mixed Opinion,Soft Mismatch: Recommended but Mixed Text,Soft Mismatch,165.4,Veteran,44,0,0,0,False,True,True,False,False,False,True,True,False,False,False,True,True,Medium,assistant_draft
i've literally played this game for 66.6 hours. thats on theme for this game. i'm sad that the next time i play it will roll over but just know this game is incredibly fun and challenging + the community is like no other. i've made several friends just playing this game in public lobbies. enjoy!,I've literally played this game for 66.6 hours. Thats on theme for this game. I'm sad that the next time I play it will roll over but just know this game is incredibly fun and challenging + the community is like no other. I've made several friends just playing this game in public lobbies. ENJOY!,Recommended,Recommended,Positive,Positive,Genuine Positive,Meme / Joke Review,Clear Opinion,Aligned Positive,Aligned Positive,66.6,Regular,55,0,0,0,False,False,True,True,False,False,True,True,False,True,False,False,False,High,assistant_draft
"i love this game but there are sooooooooo many bugs that need to be fixed. for starters, when i play with others, its super laggy. also the game likes to shut down a lot.","i love this game but there are sooooooooo many bugs that need to be fixed. For starters, when i play with others, its super laggy. Also the game likes to shut down a lot.",Recommended,Recommended,Mixed,Mixed,Mixed Positive,Bug Complaint,Mixed Opinion,Soft Mismatch: Recommended but Mixed Text,Soft Mismatch,19.9,Casual,34,0,0,0,False,True,True,False,False,False,True,True,False,False,False,True,True,Medium,assistant_draft
"game has a few issues, but it’s still a lot of fun. it definitely gave me some good scares.","game has a few issues, but it’s still a lot of fun. It definitely gave me some good scares.",Recommended,Recommended,Mixed,Mixed,Mixed Positive,Positive with Minor Complaint,Mixed Opinion,Soft Mismatch: Recommended but Mixed Text,Soft Mismatch,226.9,Veteran,19,0,0,0,False,True,True,False,False,False,True,True,False,False,False,True,True,Medium,assistant_draft
good game horror true best game not bad truly happy me my pant wet too,good game horror true best game not bad truly happy me my pant wet too,Recommended,Recommended,Positive,Positive,Genuine Positive,Low Information,Clear Opinion,Aligned Positive,Aligned Positive,16.3,Casual,15,0,0,0,False,False,True,True,False,False,True,True,False,True,False,False,False,High,assistant_draft
"i should preface this review by saying that i’ve only been playing this game for the past year or so, so whilst there are a considerable number of players who have a legitimate gripe about this game being stuck in early-access hell, i can’t count myself amongst them, although that being said, i do see their side of things. if you love ghost hunting or just the paranormal in general, this game is for you. and for those that aren’t, don’t worry; it’s a great game to play with friends, especially if you’re looking for something spooky, on the cheaper side, and with great replayability. recent updates have been… janky to say the least, and there are inconsistencies with the mechanics that do need addressing. however, the team behind it is actively adding new updates/events pretty consistently, so some turbulence is to be expected. the new character model system has been especially devicive, but don’t let that put you off; as long as you’re not expecting in-depth character customization, you should be fine. at the end of the day, for £16, i feel i’ve gotten way more than my money’s worth out of it and will continue to do so. i hope you do too!","I should preface this review by saying that I’ve only been playing this game for the past year or so, so whilst there are a considerable number of players who have a legitimate gripe about this game being stuck in early-access Hell, I can’t count myself amongst them, although that being said, I do see their side of things. If you love ghost hunting or just the paranormal in general, this game is for you. And for those that aren’t, don’t worry; it’s a great game to play with friends, especially if you’re looking for something spooky, on the cheaper side, and with great replayability. Recent updates have been… janky to say the least, and there are inconsistencies with the mechanics that do need addressing. However, the team behind it is actively adding new updates/events pretty consistently, so some turbulence is to be expected. The new character model system has been especially devicive, but don’t let that put you off; as long as you’re not expecting in-depth character customization, you should be fine. At the end of the day, for £16, I feel I’ve gotten way more than my money’s worth out of it and will continue to do so. I hope you do too!",Recommended,Recommended,Mixed,Mixed,Mixed Positive,Community Defense,Mixed Opinion,Soft Mismatch: Recommended but Mixed Text,Soft Mismatch,311.7,Hardcore,205,0,0,0,True,True,True,False,False,False,True,True,False,False,False,True,True,Medium,assistant_draft
"phasmophobia is exactly the kind of ghost-hunting chaos i want. the problem is that i have no friends to play it with. which is rude, because this game is clearly built for group panic. i want to walk into a haunted house with a flashlight, a dream, and the confidence of someone who has watched way too much sam and colby. i want to ask ghosts disrespectful questions, immediately regret it, and then scream because something moved in the kitchen. the whole setup is so good. you gather evidence, use equipment, watch for signs, try to figure out what kind of ghost you are dealing with, and then attempt to leave before it turns your investigation into a funeral announcement. it is creepy, funny, stressful, and so much better when everyone is panicking together. one person is trying to be serious. one person is already hiding in the van. one person is yelling the ghost’s name like they have never heard of consequences. that is the dream. even without a full group, i still love the idea of it. the atmosphere is tense, the ghost mechanics are fun, and every investigation feels like it could go from “we are professionals” to “absolutely not, goodbye” in half a second. phasmophobia lets me live my sam and colby dreams, or at least it would if my friends would get their lives together and play with me. until then, i am just standing outside the haunted house with equipment, trust issues, and no backup.","Phasmophobia is exactly the kind of ghost-hunting chaos I want. The problem is that I have no friends to play it with. Which is rude, because this game is clearly built for group panic. I want to walk into a haunted house with a flashlight, a dream, and the confidence of someone who has watched way too much Sam and Colby. I want to ask ghosts disrespectful questions, immediately regret it, and then scream because something moved in the kitchen. The whole setup is so good. You gather evidence, use equipment, watch for signs, try to figure out what kind of ghost you are dealing with, and then attempt to leave before it turns your investigation into a funeral announcement. It is creepy, funny, stressful, and so much better when everyone is panicking together. One person is trying to be serious. One person is already hiding in the van. One person is yelling the ghost’s name like they have never heard of consequences. That is the dream. Even without a full group, I still love the idea of it. The atmosphere is tense, the ghost mechanics are fun, and every investigation feels like it could go from “we are professionals” to “absolutely not, goodbye” in half a second. Phasmophobia lets me live my Sam and Colby dreams, or at least it would if my friends would get their lives together and play with me. Until then, I am just standing outside the haunted house with equipment, trust issues, and no backup.",Recommended,Recommended,Positive,Positive,Genuine Positive,Meme / Joke Review,Clear Opinion,Aligned Positive,Aligned Positive,5.0,New,251,0,0,0,False,True,True,True,False,False,True,True,False,True,False,False,False,High,assistant_draft
"it's a little janky but i think sometimes with games like these, that's what makes them extra fun. i like that when you look up your character breaks their back and that animations are stupid looking. it wouldn't be funny if it was hyper-realistic. that said, it's not really a horror game unless you're scared easily, it's mostly just funny haha time. it's not really a game i play alone much but when i have a friend, we can have fun for hours. do i wish there were more variety in ghost appearances? yeah. i wish some of them were less predictable - mimic for example is probably the coolest ghost and i think it would be cooler if they could mimic other ghosts more instead of just also showing orbs. having more unique traits like the banshee's cry or the wraith's salt aversion would be very cool. hopefully these things will come in the future. i appreciate that the devs seem dedicated to updating this game and making it better instead of just abandoning it and trying to launch a phasmo 2.","It's a little janky but I think sometimes with games like these, that's what makes them extra fun. I like that when you look up your character breaks their back and that animations are stupid looking. It wouldn't be funny if it was hyper-realistic. That said, it's not really a horror game unless you're scared easily, it's mostly just funny haha time. It's not really a game I play alone much but when I have a friend, we can have fun for hours. Do I wish there were more variety in ghost appearances? Yeah. I wish some of them were less predictable - mimic for example is probably the coolest ghost and I think it would be cooler if they could mimic other ghosts more instead of just also showing orbs. Having more unique traits like the banshee's cry or the wraith's salt aversion would be very cool. Hopefully these things will come in the future. I appreciate that the devs seem dedicated to updating this game and making it better instead of just abandoning it and trying to launch a phasmo 2.",Recommended,Recommended,Mixed,Mixed,Mixed Positive,Positive with Minor Complaint,Mixed Opinion,Soft Mismatch: Recommended but Mixed Text,Soft Mismatch,93.8,Regular,183,0,0,0,True,True,True,False,False,False,True,True,False,False,False,True,True,Medium,assistant_draft
the grass was to green so i knew it was a jyn my freind said nah we whent insinde and i had ghostdih go in to a bad place in my body 10/10 experince i would do again,the grass was to green so i knew it was a jyn my freind said nah we whent insinde and i had ghostdih go in to a bad place in my body 10/10 experince i would do again,Recommended,Recommended,Positive,Positive,Meme / Joke Review,Low Information,Ambiguous / Low Info,Aligned Positive,Aligned Positive,0.9,New,38,0,0,0,False,False,False,True,False,False,True,True,False,True,False,False,False,High,assistant_draft
"4 years since i was gifted this and somehow i never reviewed it?? well, better late than never i suppose! phasmophobia is an intriguing multiplayer supernatural-horror/thriller experience, you play as paranormal investigative contractors- in each contract you play, you have one goal, use your various equipment items (more are unlockable as you progress, and different tiers too!) to identify and confirm the type of supernatural entity residing within whatever haunted location, there's maps such as a prison ,a school, and various different houses. you *can* play it singleplayer, but in my humble opinion, it's far better with friends, even just one other person, though it's good fun for a group! hop on a discord call, or use in-game proximity chat to talk & work together- the gameplay is solid, and all around an engaging, and somewhat addictive experience, and this game is genuinely a labor love, all these years gone by and it's still actively being worked on, it's so much more polished than it was in 2022! highly recommend, even for non-horror fans!~","4 years since I was gifted this and somehow I never reviewed it?? well, better late than never I suppose! Phasmophobia is an intriguing multiplayer supernatural-horror/thriller experience, you play as paranormal investigative contractors- in each contract you play, you have one goal, use your various equipment items (more are unlockable as you progress, and different tiers too!) to identify and confirm the type of supernatural entity residing within whatever haunted location, there's maps such as a prison ,a school, and various different houses. You *can* play it singleplayer, but in my humble opinion, it's far better with friends, even just one other person, though it's good fun for a group! hop on a discord call, or use in-game proximity chat to talk & work together- the gameplay is solid, and all around an engaging, and somewhat addictive experience, and this game is genuinely a labor love, all these years gone by and it's still actively being worked on, it's so much more polished than it was in 2022! Highly recommend, even for non-horror fans!~",Recommended,Recommended,Positive,Positive,Genuine Positive,Detailed Positive Review,Clear Opinion,Aligned Positive,Aligned Positive,11.3,Casual,174,0,0,0,False,False,True,True,False,False,True,True,False,True,False,False,False,High,assistant_draft
it was good before new update sucks make settings to change things back to original,it was good before new update sucks make settings to change things back to original,Recommended,Recommended,Mixed,Mixed,Mixed Negative,Recommendation Mismatch Candidate,Mixed Opinion,Soft Mismatch: Recommended but Mixed Text,Soft Mismatch,124.7,Veteran,15,0,0,0,True,False,True,False,False,False,True,True,False,False,False,True,True,Medium,assistant_draft
"please please revert the update, it isn't fun and the list of bugs is way too many... the animations are not fun, if anything they can get you killed, it takes too long to shift through your items. the extra time is not needed, i understand and respect that you guys wanted change, and i'm sure you all worked many many hours for it, but for the gaming side of it, it just is not fun. i miss old phasmo... i can't recommend this game, not right now at least. if something good happens though i will change my review.","Please PLEASE Revert the update, it isn't fun and the list of bugs is way too many... The animations are not fun, if anything they can get you killed, it takes too long to shift through your items. The extra time is not needed, I understand and respect that you guys wanted change, and i'm sure you all worked many many hours for it, but for the gaming side of it, it just is not fun. I miss old phasmo... I can't recommend this game, not right now at least. If something good happens though I will change my review.",Not Recommended,Not Recommended,Negative,Negative,Mourning,Update Backlash; Bug / Gameplay Degradation,Dissatisfaction Theme,Aligned Negative,Aligned Negative,161.6,Veteran,100,3,0,3,True,True,True,False,True,False,False,False,True,False,True,False,False,High,assistant_draft
"over 1.1k hours on record, most of which was before the lobby change years ago. i have tried getting back into the game multiple times and it's just not as fun as it used to be. yes, nearly everything has changed since i was hooked. i don't mind change but the more updates that happen the less fun i'm having. it's so buggy with no bugs being fixed after reporting. not all updates are bad, but most of them are becoming unplayable or just not enjoyable. sad to see the game where it is now compared to where it was years ago.","Over 1.1k hours on record, most of which was before the lobby change years ago. I have tried getting back into the game multiple times and it's just not as fun as it used to be. Yes, nearly everything has changed since I was hooked. I don't mind change but the more updates that happen the less fun I'm having. It's so buggy with no bugs being fixed after reporting. Not all updates are bad, but most of them are becoming unplayable or just not enjoyable. Sad to see the game where it is now compared to where it was years ago.",Not Recommended,Not Recommended,Negative,Negative,Mourning,Update Backlash; Bug / Gameplay Degradation,Dissatisfaction Theme,Aligned Negative,Aligned Negative,1147.0,Hardcore,102,0,0,0,True,True,True,True,True,False,False,False,True,False,True,False,False,High,assistant_draft
"as someone who has put 200+ hours into this game, and someone who has played since the game first released, i can honestly say the game has gone downhill so much lately. the ""customization"" update that has been being teased for so long, is so barebones and lackluster in any sort of customization it makes me wonder why they even bothered. the animations are so janky and broken now it makes the game unplayable. there are so many bugs (i.e. randomly getting disconnected from a game) that have somehow managed to persist through countless hotfixes, but the devs seem to have plently of time to work on nonsense collabs (looking at you allan wake.) i genuinely loved playing this game and it was a top 3 for my friend group, but in its current state i cant be bothered with it. i hope the devs find a way to turn this game around because if they dont make some serious changes soon, this might be the final nail in the coffin.","As someone who has put 200+ hours into this game, and someone who has played since the game first released, I can honestly say the game has gone downhill so much lately. The ""customization"" update that has been being teased for so long, is so barebones and lackluster in any sort of customization it makes me wonder why they even bothered. The animations are SO janky and broken now it makes the game unplayable. There are so many bugs (I.E. randomly getting disconnected from a game) that have somehow managed to persist through countless hotfixes, but the devs seem to have PLENTLY of time to work on nonsense collabs (Looking at you Allan Wake.) I genuinely loved playing this game and it was a top 3 for my friend group, but in its current state I cant be bothered with it. I hope the devs find a way to turn this game around because if they dont make some SERIOUS changes soon, this might be the final nail in the coffin.",Not Recommended,Not Recommended,Negative,Negative,Mourning,Update Backlash; Bug / Gameplay Degradation; Developer Criticism,Dissatisfaction Theme,Aligned Negative,Aligned Negative,208.2,Veteran,171,2,0,2,True,True,True,True,True,False,False,False,True,False,True,False,False,High,assistant_draft
"absolutely loved this game for years, enough that i rebought the game after losing my steam account, always came back time after time. saw all the changes to the lobbies, maps, equipment, progression, ghosts, etc... and stuck with it. but i'm done, i can't do it anymore, they killed the game i loved playing with my friends for hours. don't trust the positive reviews, this game has run into the ground. can't even look at it the same anymore.","Absolutely loved this game for years, enough that I rebought the game after losing my steam account, always came back time after time. Saw all the changes to the lobbies, maps, equipment, progression, ghosts, etc... and stuck with it. But I'm done, I can't do it anymore, they killed the game I loved playing with my friends for hours. Don't trust the positive reviews, this game has run into the ground. Can't even look at it the same anymore.",Not Recommended,Not Recommended,Negative,Negative,Mourning,Update Backlash,Dissatisfaction Theme,Aligned Negative,Aligned Negative,235.5,Veteran,79,3,0,3,False,False,True,False,True,False,False,False,True,False,True,False,False,High,assistant_draft
"i got this game when it came out on console years ago and had so much fun with my friends. when i a computer and repurchased it i continued to play it with my friends up until this fall when i took a break. at that point the game was a little janky but it was almost perfectly fine. never would i expect that the developers wanted to regress their game back to alpha by feeding it bugs and premade models that look like ♥♥♥♥. this game has been in early access for 6 years and it's only gotten worse with every update. they new character models are just edgy guys which really tight jeans and eyebrow piercings. they should just bring back the normal looking people instead of joe shmo emo mgee on the topic of new, all of the tools are smaller and look stupid. half the time when i pull out my flashlight it stays on my toolbelt and i have a floating hand of light. the tier 1 thermo is impossible to read because of size so you might as well ignore temp and interacting with anything plays this dumb ♥♥♥♥♥♥♥ animation that looks like your fingering something?! why? i never thought i would get angry a game becoming worse but this isn't a aaa studio. why aren't they taking player criticism? more ghost interactions happen and the new ghost behavers are chatgpt brainstorms thrown under burning elephant ♥♥♥♥. they next update should be called undo2.0 or sell gametootherstudio2.0. i was playing the other day and saw an events thing pop up. wtf is that this isn't fortnite. the new events allow you to get limited time clothes that look like ♥♥♥♥ and require playing a separate challenge mode. i wouldn't recommend buying this game until the devs get off crystal start releasing updates that benefit the game. just wait until it gets out of early release.","I got this game when it came out on console years ago and had so much fun with my friends. When I a computer and repurchased it I continued to play it with my friends up until this fall when I took a break. At that point the game was a little janky but it was almost perfectly fine. Never would I expect that the developers wanted to regress their game back to alpha by feeding it bugs and premade models that look like ♥♥♥♥. This game has been in early access for 6 years and it's only gotten worse with every update. They new character models are just edgy guys which really tight jeans and eyebrow piercings. They should just bring back the normal looking people instead of Joe Shmo emo mgee On the topic of new, all of the tools are smaller and look stupid. Half the time when I pull out my flashlight it stays on my toolbelt and I have a floating hand of light. The tier 1 thermo is impossible to read because of size so you might as well ignore temp and interacting with anything plays this dumb ♥♥♥♥♥♥♥ animation that looks like your fingering something?! Why? I never thought I would get angry a game becoming worse but this isn't a AAA studio. Why aren't they taking player criticism? More ghost interactions happen and the new ghost behavers are chatgpt brainstorms thrown under burning elephant ♥♥♥♥. They next update should be called Undo2.0 or sell GameToOtherStudio2.0. I was playing the other day and saw an events thing pop up. Wtf is that this isn't Fortnite. The new events allow you to get limited time clothes that look like ♥♥♥♥ and require playing a separate challenge mode. I wouldn't recommend buying this game until the devs get off crystal start releasing updates that benefit the game. Just wait until it gets out of early release.",Not Recommended,Not Recommended,Negative,Negative,Mourning,Update Backlash; Bug / Gameplay Degradation; Developer Criticism,Dissatisfaction Theme,Aligned Negative,Aligned Negative,39.8,Casual,321,1,0,1,True,True,True,False,True,False,False,False,True,False,True,False,False,High,assistant_draft
"the character update sucks ngl, and the animations are lwk buns too","The character update sucks ngl, and the animations are lwk buns too",Not Recommended,Not Recommended,Negative,Negative,Update Backlash,Update Complaint,Dissatisfaction Theme,Aligned Negative,Aligned Negative,930.5,Hardcore,12,1,0,1,True,False,False,False,False,False,False,False,True,False,True,False,False,High,assistant_draft
"i love this game, but this new update is bad. i’m not talking about the new customization (i’m fine with it). i’m talking about how clunky everything feels now. there are animations when switching items, it looks cooler, but it makes gameplay feel extremely sluggish. this includes opening the journal, which has an animation and is also zoomed out for some reason. i miss how you could switch between items and open the journal super quickly, it made the game feel smooth to play. i still think this is a great game, but i’m not switching my “not recommended” review until they fix these things (or at least add a setting to disable them). i have faith in these devs to do what is right for the game.","I love this game, but this new update is bad. I’m not talking about the new customization (I’m fine with it). I’m talking about how clunky everything feels now. There are animations when switching items, it looks cooler, but it makes gameplay feel extremely sluggish. This includes opening the journal, which has an animation and is also zoomed out for some reason. I miss how you could switch between items and open the journal super quickly, it made the game feel smooth to play. I still think this is a great game, but I’m not switching my “not recommended” review until they fix these things (or at least add a setting to disable them). I have faith in these devs to do what is right for the game.",Not Recommended,Not Recommended,Negative,Negative,Update Backlash,Bug / Gameplay Degradation; Developer Criticism,Dissatisfaction Theme,Aligned Negative,Aligned Negative,168.6,Veteran,128,1,0,1,True,True,True,True,False,False,False,False,True,False,True,False,False,High,assistant_draft
just not a good game. has been stagnant for a long time and the last update just feels lazy and unpolished,just not a good game. has been stagnant for a long time and the last update just feels lazy and unpolished,Not Recommended,Not Recommended,Negative,Negative,Update Backlash,Update Complaint,Dissatisfaction Theme,Aligned Negative,Aligned Negative,179.6,Veteran,21,0,0,0,True,False,True,False,False,False,False,False,True,False,True,False,False,High,assistant_draft
was a great game until the latest update. horrible animations and the hand gesture feature is awfully tacky. expected much more from a game i very much enjoyed,Was a great game until the latest update. Horrible animations and the hand gesture feature is awfully tacky. Expected much more from a game I very much enjoyed,Not Recommended,Not Recommended,Negative,Negative,Update Backlash,Update Complaint,Dissatisfaction Theme,Aligned Negative,Aligned Negative,236.4,Veteran,28,1,0,1,True,False,True,True,False,False,False,False,True,False,True,False,False,High,assistant_draft
broo why you changed the first map it was goated now it looks like its my grandma's,BROO WHY YOU CHANGED THE FIRST MAP IT WAS GOATED NOW IT LOOKS LIKE ITS MY GRANDMA'S,Not Recommended,Not Recommended,Negative,Negative,Update Backlash,Map Change Complaint,Dissatisfaction Theme,Aligned Negative,Aligned Negative,115.1,Veteran,17,1,0,1,True,False,False,False,False,False,False,False,True,False,True,False,False,High,assistant_draft
"this amount of jank could be acceptable when the game first came out and the dev team was much more inexperienced, but after being on steam for nearly 6 years, it's unacceptable. the devs seem more interested in adding more things or refreshing already good maps instead of fixing game breaking bugs. when the developers tell you ""just keep playing the game till you're use to the jank,"" after releasing the most broken update to date, that's all you need to know about how much they care about their own product outside of it's sales figures. even my friends don't want to play this game with me when i suggest it anymore, it's gotten that bad.","This amount of jank could be acceptable when the game first came out and the dev team was much more inexperienced, but after being on Steam for nearly 6 years, it's unacceptable. The devs seem more interested in adding more things or refreshing already good maps instead of fixing game breaking bugs. When the developers tell you ""just keep playing the game till you're use to the jank,"" after releasing the most broken update to date, that's all you need to know about how much they care about their own product outside of it's sales figures. Even my friends don't want to play this game with me when I suggest it anymore, it's gotten that bad.",Not Recommended,Not Recommended,Negative,Negative,Mourning,Update Backlash; Bug / Gameplay Degradation; Developer Criticism,Dissatisfaction Theme,Aligned Negative,Aligned Negative,8.2,New,116,2,0,2,True,True,True,True,False,False,False,False,True,False,True,False,False,High,assistant_draft
"great game idea, but very bad servers and bugs. settings reset all the time i re-open the game. random ""lost connection to server"" even tho my internet is perfectly fine, incense doesnt protect sometimes, etc.","Great game Idea, but very bad servers and bugs. Settings reset all the time I re-open the game. Random ""lost connection to server"" even tho my internet is perfectly fine, incense doesnt protect sometimes, etc.",Not Recommended,Not Recommended,Negative,Negative,Bug / Gameplay Degradation,Performance / Stability Complaint,Dissatisfaction Theme,Aligned Negative,Aligned Negative,47.4,Casual,35,1,0,1,False,True,True,True,False,False,False,False,True,False,True,False,False,High,assistant_draft
"it's insane how they manage to make the game play worse, have more bugs and look worse the longer the development goes on.","It's insane how they manage to make the game play worse, have more bugs and look worse the longer the development goes on.",Not Recommended,Not Recommended,Negative,Negative,Bug / Gameplay Degradation,Performance / Stability Complaint,Dissatisfaction Theme,Aligned Negative,Aligned Negative,41.5,Casual,23,4,0,4,False,True,False,False,False,False,False,False,True,False,True,False,False,High,assistant_draft
glitches and hackers,glitches and hackers,Recommended,Recommended,Mixed,Mixed,Mixed Negative,Recommendation Mismatch Candidate,Mixed Opinion,Soft Mismatch: Recommended but Mixed Text,Soft Mismatch,167.0,Veteran,3,0,0,0,False,True,False,False,False,True,False,True,False,False,False,True,True,Medium,assistant_draft
"phasmophobia might just be one of the most neglected games of all time. there is so much potential, but their dev team are absolutely horrendous at meeting deadlines, and even when they do, they come out with mediocre result. they've had their fair share of excuses, but it is getting out of line. there are too many bugs, too many hackers, and this one guy called biscuitbum who lurks on their servers and won't stop threatening to tickle the soles of my feet. sort. it. out.","Phasmophobia might just be one of the most neglected games of all time. There is so much potential, but their dev team are absolutely HORRENDOUS at meeting deadlines, and even when they do, they come out with mediocre result. They've had their fair share of excuses, but it is getting out of line. There are TOO many bugs, TOO many hackers, and this one guy called BiscuitBum who lurks on their servers and won't stop threatening to tickle the soles of my feet. Sort. It. Out.",Not Recommended,Not Recommended,Negative,Negative,Bug / Gameplay Degradation,Performance / Stability Complaint,Dissatisfaction Theme,Aligned Negative,Aligned Negative,117.0,Veteran,86,1,1,2,False,True,False,False,False,False,False,False,True,False,True,False,False,High,assistant_draft
fun and yes,fun and yes,Recommended,Recommended,Positive,Positive,Genuine Positive,Low Information,Clear Opinion,Aligned Positive,Aligned Positive,61.0,Regular,3,0,0,0,False,False,True,False,False,True,False,True,False,True,False,False,False,High,assistant_draft
zxcvb,zxcvb,Recommended,Recommended,Neutral/Unclear,Neutral/Unclear,Low Information,Low Information,Ambiguous / Low Info,Ambiguous / Low Information,Ambiguous / Low Information,94.6,Regular,1,0,0,0,False,False,False,False,False,True,False,True,False,False,False,True,True,Low,assistant_draft
find ghost... ver fun,Find ghost... ver fun,Recommended,Recommended,Positive,Positive,Genuine Positive,Low Information,Clear Opinion,Aligned Positive,Aligned Positive,113.1,Veteran,4,0,0,0,False,False,True,False,False,True,False,True,False,True,False,False,False,High,assistant_draft
в соло не кайф,в соло не кайф,Recommended,Recommended,Mixed,Mixed,Mixed Negative,Non-English / Solo Complaint,Mixed Opinion,Soft Mismatch: Recommended but Mixed Text,Soft Mismatch,10.1,Casual,4,0,0,0,False,False,False,False,False,True,False,True,False,False,False,True,True,Medium,assistant_draft
this game suck,this game suck,Not Recommended,Not Recommended,Negative,Negative,Genuine Negative,Low Information,Clear Opinion,Aligned Negative,Aligned Negative,5.4,New,3,1,0,1,False,False,False,False,False,True,False,False,True,False,True,False,False,High,assistant_draft
w game,W Game,Recommended,Recommended,Positive,Positive,Genuine Positive,Low Information,Clear Opinion,Aligned Positive,Aligned Positive,4.9,New,2,0,0,0,False,False,False,False,False,True,False,True,False,True,False,False,False,High,assistant_draft
best horror co op game,best horror co op game,Recommended,Recommended,Positive,Positive,Genuine Positive,Low Information,Clear Opinion,Aligned Positive,Aligned Positive,19.9,Casual,5,0,1,1,False,False,True,False,False,True,False,True,False,True,False,False,False,High,assistant_draft
yurt,YURT,Recommended,Recommended,Neutral/Unclear,Neutral/Unclear,Low Information,Low Information,Ambiguous / Low Info,Ambiguous / Low Information,Ambiguous / Low Information,31.4,Casual,1,0,0,0,False,False,False,False,False,True,False,True,False,False,False,True,True,Low,assistant_draft
best,best,Recommended,Recommended,Positive,Positive,Genuine Positive,Low Information,Clear Opinion,Aligned Positive,Aligned Positive,15.3,Casual,1,0,0,0,False,False,True,False,False,True,False,True,False,True,False,False,False,High,assistant_draft
i gave my friend diharrea,i gave my friend diharrea,Recommended,Recommended,Neutral/Unclear,Neutral/Unclear,Low Information,Low Information,Ambiguous / Low Info,Ambiguous / Low Information,Ambiguous / Low Information,40.7,Casual,5,2,0,2,False,False,False,False,False,True,False,True,False,False,False,True,True,Low,assistant_draft
good game,GOOD GAME,Recommended,Recommended,Positive,Positive,Genuine Positive,Low Information,Clear Opinion,Aligned Positive,Aligned Positive,7.1,New,2,0,0,0,False,False,True,False,False,True,False,True,False,True,False,False,False,High,assistant_draft
is scary,is scary,Recommended,Recommended,Positive,Positive,Genuine Positive,Low Information,Clear Opinion,Aligned Positive,Aligned Positive,32.1,Casual,2,0,0,0,False,False,True,False,False,True,False,True,False,True,False,False,False,High,assistant_draft
spooky. funny. good.,Spooky. Funny. Good.,Recommended,Recommended,Positive,Positive,Genuine Positive,Low Information,Clear Opinion,Aligned Positive,Aligned Positive,9.7,New,3,0,0,0,False,False,True,False,False,True,False,True,False,True,False,False,False,High,assistant_draft
i love this game,I love this game,Recommended,Recommended,Positive,Positive,Genuine Positive,Low Information,Clear Opinion,Aligned Positive,Aligned Positive,715.9,Hardcore,4,0,0,0,False,False,True,False,False,True,False,True,False,True,False,False,False,High,assistant_draft
:),:),Recommended,Recommended,Neutral/Unclear,Neutral/Unclear,Low Information,Low Information,Ambiguous / Low Info,Ambiguous / Low Information,Ambiguous / Low Information,45.1,Casual,1,0,0,0,False,False,False,False,False,True,False,True,False,False,False,True,True,Low,assistant_draft
good,good,Recommended,Recommended,Positive,Positive,Genuine Positive,Low Information,Clear Opinion,Aligned Positive,Aligned Positive,3.1,New,1,0,0,0,False,False,True,False,False,True,False,True,False,True,False,False,False,High,assistant_draft
good game scary though,good game scary though,Recommended,Recommended,Positive,Positive,Genuine Positive,Low Information,Clear Opinion,Aligned Positive,Aligned Positive,13.6,Casual,4,0,0,0,False,False,True,False,False,True,False,True,False,True,False,False,False,High,assistant_draft
amazing game yes yes,AMAZING GAME YES YES,Recommended,Recommended,Positive,Positive,Genuine Positive,Low Information,Clear Opinion,Aligned Positive,Aligned Positive,4.6,New,4,0,0,0,False,False,True,False,False,True,False,True,False,True,False,False,False,High,assistant_draft
scary?,scary?,Recommended,Recommended,Neutral/Unclear,Neutral/Unclear,Low Information,Low Information,Ambiguous / Low Info,Ambiguous / Low Information,Ambiguous / Low Information,30.4,Casual,1,0,0,0,False,False,True,False,False,True,False,True,False,False,False,True,True,Low,assistant_draft
fajna pzdr,fajna pzdr,Recommended,Recommended,Positive,Positive,Genuine Positive,Non-English / Low Information,Clear Opinion,Aligned Positive,Aligned Positive,54.6,Regular,2,0,0,0,False,False,False,False,False,True,False,True,False,True,False,False,False,High,assistant_draft
